2.58,31.4,10.37,0,7.76,12.25,0.938,0.063,0
2.63,31.43,10.39,0,7.76,12.28,0.938,0.063,0
2.7,31.47,10.4,0,7.76,12.3,0.938,0.063,0
2.76,31.52,10.41,0,7.76,12.41,0.938,0.063,0
2.82,31.53,10.41,0,7.76,12.48,0.938,0.063,0
2.87,31.52,10.42,0,7.76,12.56,0.938,0.063,0
2.94,31.56,10.42,0,7.76,12.6,0.938,0.063,0
3,31.54,10.42,0,7.76,12.59,0.938,0.063,0
3.07,31.52,10.4,0,7.76,12.56,0.938,0.063,0
3.11,31.44,10.4,0,7.76,12.43,0.938,0.063,0
3.14,31.44,10.38,0,7.76,12.34,0.938,0.063,0
3.18,31.44,10.37,0,7.76,12.42,1.15,0.065,0
3.23,31.37,10.36,0,7.75,12.4,1.15,0.065,0
3.24,31.4,10.38,0,7.76,12.39,1.15,0.065,0
3.25,31.52,10.4,0,7.76,12.44,1.15,0.065,0
3.26,31.58,10.4,0,7.76,12.58,1.15,0.065,0
3.25,31.53,10.4,0,7.75,12.64,1.15,0.065,0
3.25,31.45,10.37,0,7.75,12.51,1.15,0.065,0
3.24,31.36,10.33,0,7.75,12.38,1.15,0.065,0
3.3,31.35,10.32,0,7.75,12.44,1.15,0.065,0
3.35,31.39,10.33,0,7.75,12.23,1.15,0.065,0
3.37,31.45,10.34,0,7.75,12.21,1.15,0.065,0
3.4,31.49,10.32,0,7.74,12.18,1.15,0.065,0
3.39,31.41,10.27,0,7.74,12.1,1.187,0.064,0
3.34,31.16,10.2,0,7.73,11.94,1.187,0.064,0
3.27,31.19,10.22,0,7.73,11.74,1.187,0.064,0
3.18,31.27,10.24,0,7.73,11.83,1.187,0.064,0
3.15,31.26,10.24,0,7.73,11.84,1.187,0.064,0
3.15,31.24,10.23,0,7.73,11.79,1.187,0.064,0
3.11,31.25,10.24,0,7.73,11.77,1.187,0.064,0
3.08,31.27,10.23,0,7.73,11.77,1.187,0.064,0
3.01,31.21,10.22,0,7.73,11.71,1.187,0.064,0
3.09,31.12,10.21,0,7.72,11.69,1.187,0.064,0
3.19,31.06,10.18,0,7.72,11.62,1.187,0.064,0
3.25,31.02,10.14,0,7.72,11.64,1.187,0.064,0
3.18,31,10.14,0,7.72,11.66,1.29,0.064,0
3.15,31.03,10.17,0,7.72,11.52,1.29,0.064,0
3.19,31.08,10.19,0,7.72,11.64,1.29,0.064,0
3.21,31.06,10.19,0,7.72,11.6,1.29,0.064,0
3.16,31.04,10.2,0,7.72,11.61,1.29,0.064,0
3.1,30.96,10.21,0,7.72,11.63,1.29,0.064,0
3.04,31.02,10.22,0,7.72,11.6,1.29,0.064,0
3.11,30.93,10.16,0,7.71,11.72,1.29,0.064,0
3.15,30.63,10.09,0,7.71,11.67,1.29,0.064,0
3.05,30.53,10.15,0,7.71,11.78,1.29,0.064,0
2.96,31,10.18,0,7.72,12.17,1.29,0.064,0
2.87,31.08,10.15,2.13,7.72,11.74,1.29,0.064,0
2.73,30.94,10.09,2.13,7.72,11.73,1.112,0.058,0
2.6,30.82,10.09,2.13,7.72,11.8,1.112,0.058,0
2.6,30.98,10.13,2.13,7.73,11.81,1.112,0.058,0
2.49,30.96,10.15,2.13,7.73,11.76,1.112,0.058,0
2.62,31.04,10.2,2.13,7.74,11.81,1.112,0.058,0
2.66,31.22,10.21,2.13,7.74,11.9,1.112,0.058,0
2.6,31.07,10.19,2.13,7.74,11.65,1.112,0.058,0
2.56,30.97,10.2,2.13,7.74,11.72,1.112,0.058,0
2.54,30.87,10.22,2.13,7.74,11.82,1.112,0.058,0
2.53,30.85,10.22,2.13,7.74,11.72,1.112,0.058,0
2.52,30.78,10.2,2.13,7.74,11.74,1.112,0.058,0
2.58,30.88,10.22,2.13,7.75,11.64,1.112,0.058,0
2.66,31.01,10.28,2.13,7.76,11.53,1.016,0.06,0
2.73,31.15,10.32,2.13,7.76,11.35,1.016,0.06,0
2.77,31.16,10.34,2.13,7.76,11.36,1.016,0.06,0
2.8,31.11,10.37,2.13,7.77,11.42,1.016,0.06,0
2.87,31.17,10.38,2.13,7.77,11.35,1.016,0.06,0
2.89,31.17,10.4,2.13,7.78,11.38,1.016,0.06,0
2.88,31.2,10.44,2.13,7.78,11.37,1.016,0.06,0
2.92,31.25,10.44,2.13,7.79,11.38,1.016,0.06,0
3.04,31.34,10.45,2.13,7.8,11.43,1.016,0.06,0
3.32,31.76,10.44,2.13,7.81,11.37,1.016,0.06,0
3.49,32.16,10.4,2.13,7.82,11.65,1.016,0.06,0
3.63,32.18,10.39,2.13,7.82,11.75,1.016,0.06,0
3.75,32.19,10.39,2.13,7.82,11.75,1.016,0.06,0
3.89,32.17,10.41,2.13,7.81,11.81,1.016,0.06,0
4.02,32.15,10.42,2.13,7.81,11.63,1.016,0.06,0
4.08,32.08,10.44,2.13,7.81,11.11,1.016,0.06,0
4.13,32.07,10.44,2.13,7.81,10.97,1.016,0.06,0
4.21,32.07,10.44,2.13,7.81,11,1.016,0.06,0
4.38,32.06,10.44,2.13,7.81,10.88,1.016,0.06,0
4.46,32.08,10.44,2.13,7.81,10.92,1.016,0.06,0
4.5,32.09,10.44,2.13,7.81,10.98,1.016,0.06,0
4.47,32.11,10.44,2.13,7.81,11.05,1.016,0.06,0
4.43,32.15,10.46,2.13,7.81,11.14,1.016,0.06,0
4.46,32.23,10.47,2.13,7.82,11.74,1.016,0.06,0
4.59,32.26,10.47,2.13,7.81,12.14,1.016,0.06,0
4.69,32.27,10.47,2.13,0,12.27,1.016,0.06,0
4.84,32.24,10.48,2.13,0,11.58,1.016,0.06,0
5.46,31.92,0,2.13,0,12.34,1.016,0.06,0
4.58,32.2,0,2.13,0,10.44,1.016,0.06,0
4.33,32.22,0,2.13,0,10.32,1.016,0.06,0
4.37,32.21,10.77,2.13,0,10.52,1.016,0.06,0
4.71,32.09,10.79,2.24,7.82,10.57,0.863,0.063,0
4.73,32.16,10.8,2.24,7.82,10.81,0.863,0.063,0
4.78,32.1,10.79,2.24,7.82,10.68,0.863,0.063,0
4.84,32.04,10.79,2.24,7.81,10.71,0.863,0.063,0
4.78,32.01,10.78,2.24,7.81,10.8,0.863,0.063,0
4.86,31.96,10.75,2.24,7.81,10.75,0.863,0.063,0
4.87,31.97,10.71,2.24,7.81,10.55,0.863,0.063,0
4.85,31.92,10.71,2.24,7.81,10.46,0.863,0.063,0
4.87,32.13,10.79,2.24,7.82,10.61,0.863,0.063,0
4.76,32.11,10.79,2.24,7.82,10.65,0.863,0.063,0
4.71,32.09,10.79,2.24,7.82,10.57,0.863,0.063,0
4.73,32.16,10.8,2.24,7.82,10.81,0.863,0.063,0
4.78,32.1,10.79,2.24,7.82,10.68,0.863,0.063,0
4.84,32.04,10.79,2.24,7.81,10.71,0.863,0.063,0
4.78,32.01,10.78,2.24,7.81,10.8,0.863,0.063,0
4.86,31.96,10.75,2.24,7.81,10.75,0.863,0.063,0
4.87,31.97,10.71,2.24,7.81,10.55,0.863,0.063,0
4.85,31.92,10.71,2.24,7.81,10.46,0.863,0.063,0
4.95,31.9,10.73,2.24,7.8,10.49,0.863,0.063,0
4.88,31.91,10.74,2.77,7.81,10.53,0.617,0.065,1
5.03,31.91,10.75,2.77,7.8,10.56,0.617,0.065,1
5.11,31.93,10.75,2.77,7.8,10.52,0.617,0.065,1
4.77,31.97,10.77,2.77,7.81,10.57,0.617,0.065,1
5.03,31.95,10.78,2.77,7.8,10.69,0.617,0.065,1
4.99,31.98,10.75,2.77,7.79,10.79,0.617,0.065,1
4.56,31.92,10.73,2.77,7.79,10.78,0.617,0.065,1
4.25,31.79,10.69,2.77,7.79,10.7,0.617,0.065,1
4.14,31.88,10.71,2.77,7.8,10.79,0.617,0.065,1
4.07,31.85,10.69,2.77,7.8,10.82,0.617,0.065,1
4.23,31.76,10.7,2.77,7.79,10.8,0.617,0.065,1
4.43,31.77,10.68,2.77,7.79,10.79,0.617,0.065,1
4.61,31.77,10.71,2.83,7.79,10.93,0.617,0.062,1
4.63,31.78,10.68,2.83,7.79,10.9,0.617,0.062,1
4.54,31.81,10.71,2.83,7.79,11.03,0.617,0.062,1
4.46,31.8,10.68,2.83,7.79,10.92,0.617,0.062,1
4.43,31.83,10.72,2.83,7.79,11.03,0.617,0.062,1
4.44,31.83,10.69,2.83,7.79,11.07,0.617,0.062,1
4.41,31.82,10.69,2.83,7.79,10.99,0.617,0.062,1
4.48,31.81,10.68,2.83,7.79,11.1,0.617,0.062,1
4.51,31.73,10.63,2.83,7.78,11.09,0.617,0.062,1
4.38,31.64,10.61,2.83,7.77,11.12,0.617,0.062,1
4.23,31.49,10.58,2.83,7.77,11.33,0.617,0.062,1
4.08,31.43,10.57,2.83,7.77,11.17,0.617,0.062,1
3.92,31.68,10.67,3.09,7.79,11.27,0.77,0.063,1
3.84,32.05,10.69,3.09,7.8,11.29,0.77,0.063,1
3.82,32.01,10.67,3.09,7.79,11.38,0.77,0.063,1
3.8,31.99,10.66,3.09,7.79,11.12,0.77,0.063,1
3.76,31.89,10.65,3.09,7.78,11.17,0.77,0.063,1
3.78,31.91,10.65,3.09,7.78,11.4,0.77,0.063,1
3.74,31.86,10.62,3.09,7.78,11.31,0.77,0.063,1
3.68,31.81,10.61,3.09,7.77,11.48,0.77,0.063,1
3.67,31.7,10.58,3.09,7.77,11.45,0.77,0.063,1
3.66,31.72,10.6,3.09,7.77,11.61,0.77,0.063,1
3.59,31.84,10.63,3.09,7.77,11.62,0.77,0.063,1
3.45,31.8,10.57,3.09,7.76,11.61,0.77,0.063,1
3.23,31.49,10.49,3.25,7.74,11.57,0.828,0.064,1
3.15,31.28,10.45,3.25,7.74,11.61,0.828,0.064,1
3.21,31.22,10.44,3.25,7.74,11.57,0.828,0.064,1
3.3,31.23,10.45,3.25,7.74,11.56,0.828,0.064,1
3.29,31.35,10.47,3.25,7.74,11.7,0.828,0.064,1
3.16,31.31,10.44,3.25,7.74,11.61,0.828,0.064,1
3.07,31.27,10.43,3.25,7.74,11.72,0.828,0.064,1
2.97,31.25,10.42,3.25,7.74,11.66,0.828,0.064,1
2.88,31.22,10.42,3.25,7.74,11.68,0.828,0.064,1
2.8,31.27,10.42,3.25,7.75,11.63,0.828,0.064,1
2.8,31.33,10.42,3.25,7.75,11.77,0.828,0.064,1
2.79,31.33,10.42,3.25,7.75,11.81,0.828,0.064,1
2.72,31.26,10.43,3.31,7.75,11.6,1.043,0.067,1
2.67,31.36,10.44,3.31,7.75,11.79,1.043,0.067,1
2.66,31.51,10.44,3.31,7.76,11.74,1.043,0.067,1
2.63,31.74,10.48,3.31,7.76,11.73,1.043,0.067,1
2.56,31.74,10.48,3.31,7.75,11.92,1.043,0.067,1
2.43,31.6,10.43,3.31,7.75,11.91,1.043,0.067,1
2.4,31.57,10.41,3.31,7.74,11.82,1.043,0.067,1
2.25,31.43,10.35,3.31,7.73,11.71,1.043,0.067,1
2.12,31.21,10.3,3.31,7.73,11.53,1.043,0.067,1
2.07,31.1,10.28,3.31,7.73,11.26,1.043,0.067,1
2.07,31.21,10.32,3.31,7.73,11.31,1.043,0.067,1
2.05,31.19,10.3,3.31,7.73,11.4,1.043,0.067,1
2.06,31.15,10.29,3.56,7.73,11.5,1.27,0.064,1
2.06,31.18,10.29,3.56,7.72,11.43,1.27,0.064,1
1.93,31.14,10.27,3.56,7.72,11.52,1.27,0.064,1
1.76,30.94,10.23,3.56,7.72,11.57,1.27,0.064,1
1.7,30.79,10.21,3.56,7.71,11.52,1.27,0.064,1
1.61,30.83,10.22,3.56,7.71,11.57,1.27,0.064,1
1.43,30.87,10.22,3.56,7.72,11.57,1.27,0.064,1
1.45,30.88,10.21,3.56,7.72,11.41,1.27,0.064,1
1.38,30.81,10.19,3.56,7.71,11.42,1.27,0.064,1
1.35,30.73,10.17,3.56,7.71,11.33,1.27,0.064,1
1.26,30.72,10.18,3.56,7.71,11.49,1.27,0.064,1
1.19,30.71,10.16,3.56,7.71,11.46,1.27,0.064,1
1.12,30.7,10.17,3.42,7.71,11.5,1.342,0.067,1
1.08,30.75,10.18,3.42,7.71,11.37,1.342,0.067,1
0.98,30.7,10.15,3.42,7.71,11.51,1.342,0.067,1
0.9,30.56,10.12,3.42,7.71,11.52,1.342,0.067,1
0.94,30.54,10.13,3.42,7.71,11.28,1.342,0.067,1
1,30.61,10.13,3.42,7.71,11.27,1.342,0.067,1
1.03,30.56,10.12,3.42,7.71,11.31,1.342,0.067,1
1.08,30.72,10.14,3.42,7.71,11.37,1.342,0.067,1
1.11,30.73,10.15,3.42,7.71,11.22,1.342,0.067,1
1.14,30.85,10.17,3.42,7.71,11.03,1.342,0.067,1
1.06,30.86,10.15,3.42,7.71,11.02,1.342,0.067,1
0.75,30.55,10.1,3.42,7.7,11.44,1.342,0.067,1
0.62,30.18,10.09,3.07,7.7,11.81,1.155,0.062,1
0.63,30.37,10.1,3.07,7.7,11.31,1.155,0.062,1
0.66,30.25,10.08,3.07,7.7,11.07,1.155,0.062,1
0.76,30.43,10.1,3.07,7.7,10.97,1.155,0.062,1
0.76,30.49,10.09,3.07,7.7,10.95,1.155,0.062,1
0.75,30.49,10.08,3.07,7.7,10.84,1.155,0.062,1
0.74,30.45,10.07,3.07,7.7,10.8,1.155,0.062,1
0.68,30.34,10.07,3.07,7.7,10.84,1.155,0.062,1
0.53,30.1,10.04,3.07,7.69,10.98,1.155,0.062,1
0.56,29.91,10.04,3.07,7.69,11.15,1.155,0.062,1
0.59,30.01,10.05,3.07,7.7,11.02,1.155,0.062,1
0.64,30.15,10.07,3.07,7.7,10.92,1.155,0.062,1
0.71,30.34,10.08,2.8,7.71,10.78,0.812,0.057,1
0.75,30.55,10.1,2.8,7.71,10.69,0.812,0.057,1
0.73,30.59,10.11,2.8,7.71,10.74,0.812,0.057,1
0.71,30.61,10.12,2.8,7.72,10.72,0.812,0.057,1
0.72,30.58,10.12,2.8,7.72,10.75,0.812,0.057,1
0.75,30.55,10.11,2.8,7.72,10.72,0.812,0.057,1
0.76,30.49,10.1,2.8,7.72,10.84,0.812,0.057,1
0.69,30.44,10.1,2.8,7.72,10.9,0.812,0.057,1
0.68,30.42,10.11,2.8,7.72,10.93,0.812,0.057,1
0.8,30.43,10.09,2.8,7.72,10.82,0.812,0.057,1
0.95,30.58,10.1,2.8,7.73,10.73,0.812,0.057,1
1.02,30.69,10.13,2.8,7.73,10.77,0.812,0.057,1
1.03,30.75,10.15,2.83,7.73,10.72,0.675,0.055,1
1.12,30.93,10.19,2.83,7.74,10.69,0.675,0.055,1
1.09,30.98,10.17,2.83,7.74,10.53,0.675,0.055,1
1.12,30.96,10.17,2.83,7.74,10.57,0.675,0.055,1
1.04,30.98,10.18,2.83,7.74,10.63,0.675,0.055,1
0.98,30.81,10.16,2.83,7.75,10.73,0.675,0.055,1
1.06,30.93,10.19,2.83,7.75,10.65,0.675,0.055,1
1.1,31,10.21,2.83,7.76,10.48,0.675,0.055,1
1.23,31.17,10.25,2.83,7.77,10.39,0.675,0.055,1
1.35,31.35,10.3,2.83,7.78,10.35,0.675,0.055,1
1.51,31.49,10.36,2.83,7.79,10.25,0.675,0.055,1
1.72,31.78,10.43,2.83,7.79,10.2,0.675,0.055,1
1.77,31.91,10.44,2.82,7.79,10.14,0.621,0.056,1
1.74,31.89,10.42,2.82,7.79,10.18,0.621,0.056,1
1.68,31.78,10.41,2.82,7.79,10.07,0.621,0.056,1
1.68,31.73,10.41,2.82,7.79,10.1,0.621,0.056,1
1.65,31.7,10.42,2.82,7.79,10.16,0.621,0.056,1
1.66,31.65,10.43,2.82,7.79,10.09,0.621,0.056,1
1.79,31.75,10.46,2.82,7.8,10.15,0.621,0.056,1
1.86,31.88,10.49,2.82,7.8,10.12,0.621,0.056,1
1.85,31.92,10.49,2.82,7.8,10.14,0.621,0.056,1
1.86,31.91,10.5,2.82,7.8,10.18,0.621,0.056,1
1.89,31.88,10.49,2.82,7.8,10.18,0.621,0.056,1
1.96,31.87,10.5,2.82,7.81,10.24,0.621,0.056,1
2.03,31.91,10.52,2.8,7.81,10.09,0.711,0.056,1
2.14,32.02,10.54,2.8,7.81,10.1,0.711,0.056,1
2.22,32.09,10.56,2.8,7.82,10.15,0.711,0.056,1
2.28,32.18,10.58,2.8,7.82,10.21,0.711,0.056,1
2.29,32.2,10.58,2.8,7.82,10.19,0.711,0.056,1
2.27,32.18,10.58,2.8,7.81,10.17,0.711,0.056,1
2.26,32.14,10.58,2.8,7.81,10.19,0.711,0.056,1
2.29,32.09,10.56,2.8,7.81,10.18,0.711,0.056,1
2.33,32.02,10.52,2.8,7.8,10.06,0.711,0.056,1
2.26,31.97,10.51,2.8,7.8,10.01,0.711,0.056,1
2.23,32.08,10.54,2.8,7.81,10.13,0.711,0.056,1
2.28,32.08,10.54,2.8,7.81,10.12,0.711,0.056,1
2.34,32.17,10.57,3.28,7.81,10.26,0.732,0.06,1
2.38,32.19,10.57,3.28,7.81,10.22,0.732,0.06,1
2.42,32.14,10.56,3.28,7.81,10.28,0.732,0.06,1
2.46,32.07,10.54,3.28,7.8,10.36,0.732,0.06,1
2.49,31.88,10.53,3.28,7.8,10.3,0.732,0.06,1
2.51,32,10.57,3.28,7.8,10.33,0.732,0.06,1
2.55,32.13,10.58,3.28,7.8,10.45,0.732,0.06,1
2.57,32.14,10.57,3.28,7.8,10.29,0.732,0.06,1
2.55,32.1,10.56,3.28,7.8,10.29,0.732,0.06,1
2.54,32.09,10.57,3.28,7.79,10.28,0.732,0.06,1
2.54,32.07,10.57,3.28,7.79,10.34,0.732,0.06,1
2.53,32.05,10.56,3.28,7.79,10.33,0.732,0.06,1
2.53,31.95,10.54,3.03,7.78,10.47,0.764,0.058,1
2.53,31.9,10.54,3.03,7.78,10.59,0.764,0.058,1
2.62,31.78,10.5,3.03,7.77,10.42,0.764,0.058,1
2.69,31.37,10.44,3.03,7.76,10.61,0.764,0.058,1
2.58,31.5,10.49,3.03,7.76,10.72,0.764,0.058,1
2.73,31.46,10.47,3.03,7.76,10.66,0.764,0.058,1
2.85,31.31,10.45,3.03,7.76,10.8,0.764,0.058,1
2.88,31.32,10.46,3.03,7.76,10.83,0.764,0.058,1
2.89,31.35,10.46,3.03,7.76,10.86,0.764,0.058,1
2.86,31.32,10.47,3.03,7.76,10.84,0.764,0.058,1
2.79,31.37,10.49,3.03,7.76,10.84,0.764,0.058,1
2.75,31.43,10.51,3.03,7.77,10.97,0.764,0.058,1
2.73,31.49,10.53,2.91,7.77,10.95,0.871,0.059,1
2.77,31.45,10.51,2.91,7.77,10.98,0.871,0.059,1
2.81,31.4,10.51,2.91,7.77,11.12,0.871,0.059,1
2.83,31.49,10.53,2.91,7.78,10.99,0.871,0.059,1
2.86,31.54,10.53,2.91,7.78,11.02,0.871,0.059,1
2.87,31.55,10.54,2.91,7.78,11.16,0.871,0.059,1
2.86,31.55,10.54,2.91,7.78,11.23,0.871,0.059,1
2.85,31.53,10.54,2.91,7.79,11.26,0.871,0.059,1
2.83,31.59,10.57,2.91,7.79,11.22,0.871,0.059,1
2.8,31.72,10.58,2.91,7.8,11.27,0.871,0.059,1
2.69,31.93,10.66,2.91,7.81,11.3,0.871,0.059,1
2.68,32.12,10.69,2.91,7.82,11.35,0.871,0.059,1
2.73,32.12,10.7,3.19,7.82,11.34,1.073,0.063,1
2.78,32.12,10.7,3.19,7.81,11.44,1.073,0.063,1
2.79,32.12,10.69,3.19,7.81,11.51,1.073,0.063,1
2.82,32.1,10.7,3.19,7.81,11.44,1.073,0.063,1
2.86,32.1,10.7,3.19,7.81,11.55,1.073,0.063,1
2.9,32.1,10.7,3.19,7.81,11.61,1.073,0.063,1
2.86,32.06,10.69,3.19,7.8,11.59,1.073,0.063,1
2.78,32.06,10.68,3.19,7.8,11.65,1.073,0.063,1
2.68,32.06,10.67,3.19,7.8,12.21,1.073,0.063,1
2.6,32,10.65,3.19,7.79,11.56,1.073,0.063,1
2.54,31.91,10.64,3.19,7.79,11.53,1.073,0.063,1
2.45,31.85,10.64,3.19,7.79,11.39,1.073,0.063,1
2.57,31.88,10.66,2.89,7.79,11.55,1.203,0.064,1
2.53,31.83,10.66,2.89,7.78,11.59,1.203,0.064,1
2.53,31.78,10.65,2.89,7.78,11.59,1.203,0.064,1
2.42,31.64,10.63,2.89,7.77,11.55,1.203,0.064,1
2.44,31.63,10.62,2.89,7.77,11.69,1.203,0.064,1
2.5,31.64,10.63,2.89,7.77,11.68,1.203,0.064,1
2.47,31.81,10.61,2.89,7.77,11.99,1.203,0.064,1
2.32,31.42,10.6,2.89,7.76,11.49,1.203,0.064,1
2.34,31.37,10.6,2.89,7.76,11.37,1.203,0.064,1
2.4,31.42,10.61,2.89,7.76,11.52,1.203,0.064,1
2.48,31.43,10.61,2.89,7.76,11.46,1.203,0.064,1
2.49,31.38,10.61,2.89,7.75,11.44,1.203,0.064,1
2.46,31.23,10.61,3.26,7.75,11.41,1.496,0.068,1
2.43,31.16,10.6,3.26,7.75,11.48,1.496,0.068,1
2.45,31.13,10.61,3.26,7.75,11.47,1.496,0.068,1
2.46,31.14,10.6,3.26,7.75,11.43,1.496,0.068,1
2.47,31.19,10.62,3.26,7.75,11.4,1.496,0.068,1
2.46,31.24,10.61,3.26,7.75,11.46,1.496,0.068,1
2.52,31.26,10.62,3.26,7.75,11.29,1.496,0.068,1
2.59,31.32,10.61,3.26,7.75,11.3,1.496,0.068,1
2.59,31.4,10.6,3.26,7.75,11.43,1.496,0.068,1
2.53,31.28,10.58,3.26,7.75,11.39,1.496,0.068,1
2.54,31.22,10.59,3.26,7.74,11.5,1.496,0.068,1
2.52,31.22,10.6,3.26,7.74,11.36,1.496,0.068,1
2.49,31.21,10.59,2.94,7.74,11.42,1.636,0.066,1
2.48,31.22,10.59,2.94,7.74,11.45,1.636,0.066,1
2.49,31.12,10.57,2.94,7.73,11.48,1.636,0.066,1
2.45,30.98,10.52,2.94,7.73,11.56,1.636,0.066,1
2.42,30.9,10.52,2.94,7.72,11.82,1.636,0.066,1
2.4,30.93,10.5,2.94,7.72,12.16,1.636,0.066,1
2.37,30.93,10.49,2.94,7.72,11.54,1.636,0.066,1
2.37,30.89,10.46,2.94,7.72,11.41,1.636,0.066,1
2.38,30.75,10.37,2.94,7.71,11.49,1.636,0.066,1
2.34,30.69,10.34,2.94,7.71,11.44,1.636,0.066,1
2.27,30.69,10.34,2.94,7.71,11.41,1.636,0.066,1
2.25,30.71,10.35,2.94,7.71,11.52,1.636,0.066,1
2.24,30.81,10.37,2.99,7.72,11.57,1.488,0.067,1
2.26,30.78,10.35,2.99,7.71,11.53,1.488,0.067,1
2.29,30.76,10.34,2.99,7.71,11.54,1.488,0.067,1
2.31,30.67,10.32,2.99,7.71,11.45,1.488,0.067,1
2.29,30.65,10.33,2.99,7.71,11.4,1.488,0.067,1
2.33,30.64,10.31,2.99,7.71,11.43,1.488,0.067,1
2.36,30.65,10.31,2.99,7.71,11.41,1.488,0.067,1
2.4,30.63,10.3,2.99,7.71,11.37,1.488,0.067,1
2.38,30.44,10.29,2.99,7.71,11.47,1.488,0.067,1
2.42,30.61,10.37,2.99,7.71,11.3,1.488,0.067,1
2.43,30.8,10.42,2.99,7.72,11.09,1.488,0.067,1
2.45,30.79,10.4,2.99,7.71,11.04,1.488,0.067,1
2.52,30.59,10.34,2.59,7.71,11.21,1.123,0.06,1
2.5,30.7,10.37,2.59,7.71,11.19,1.123,0.06,1
2.46,30.6,10.38,2.59,7.71,11.28,1.123,0.06,1
2.46,30.47,10.4,2.59,7.71,11.5,1.123,0.06,1
2.4,30.5,10.37,2.59,7.71,11.76,1.123,0.06,1
2.44,30.38,10.4,2.59,7.72,11.62,1.123,0.06,1
2.49,30.82,10.39,2.59,7.73,11.5,1.123,0.06,1
2.52,30.74,10.4,2.59,7.73,11.27,1.123,0.06,1
2.6,30.73,10.42,2.59,7.73,11.26,1.123,0.06,1
2.67,30.81,10.44,2.59,7.73,11.26,1.123,0.06,1
2.79,30.67,10.45,2.59,7.73,11.2,1.123,0.06,1
3.12,30.62,10.48,2.59,7.73,11.15,1.123,0.06,1
3.5,30.7,10.5,2.2,7.73,11.07,1.034,0.059,0
3.63,30.72,10.5,2.2,7.73,11.1,1.034,0.059,0
3.73,30.71,10.52,2.2,7.74,11.15,1.034,0.059,0
3.86,30.74,10.54,2.2,7.74,11.09,1.034,0.059,0
4.05,30.97,10.56,2.2,7.75,11.04,1.034,0.059,0
4.18,31.27,10.53,2.2,7.76,10.74,1.034,0.059,0
4.14,31.19,10.5,2.2,7.76,10.74,1.034,0.059,0
4.26,31.12,10.52,2.2,7.76,10.74,1.034,0.059,0
4.37,31.16,10.55,2.2,7.77,10.69,1.034,0.059,0
4.52,31.23,10.59,2.2,7.77,10.67,1.034,0.059,0
4.63,31.68,10.61,2.2,7.78,10.48,1.034,0.059,0
4.61,31.68,10.6,2.2,7.78,10.43,1.034,0.059,0
4.71,31.68,10.6,2.53,7.78,10.48,1.297,0.061,1
4.76,31.68,10.61,2.53,7.78,10.45,1.297,0.061,1
4.79,31.7,10.6,2.53,7.78,10.5,1.297,0.061,1
4.73,31.72,10.6,2.53,7.78,10.51,1.297,0.061,1
4.62,31.74,10.59,2.53,7.78,10.54,1.297,0.061,1
4.54,31.71,10.58,2.53,7.78,10.52,1.297,0.061,1
4.66,31.67,10.58,2.53,7.78,10.61,1.297,0.061,1
4.63,31.66,10.59,2.53,7.78,10.65,1.297,0.061,1
4.34,31.71,10.6,2.53,7.79,10.66,1.297,0.061,1
4.31,31.78,10.63,2.53,7.8,10.68,1.297,0.061,1
4.52,31.98,10.66,2.53,7.81,10.98,1.297,0.061,1
4.64,32.02,10.66,2.53,7.8,11.08,1.297,0.061,1
4.61,32.01,10.66,3.1,7.8,11.11,1.498,0.064,1
4.56,31.96,10.66,3.1,7.8,11.05,1.498,0.064,1
4.45,31.94,10.66,3.1,7.8,10.67,1.498,0.064,1
4.43,31.94,10.65,3.1,7.79,10.6,1.498,0.064,1
4.51,31.84,10.65,3.1,7.79,10.54,1.498,0.064,1
4.74,31.77,10.64,3.1,7.79,10.48,1.498,0.064,1
4.81,31.81,10.65,3.1,7.79,10.56,1.498,0.064,1
4.83,31.83,10.66,3.1,7.79,10.51,1.498,0.064,1
4.79,31.81,10.68,3.1,7.79,10.56,1.498,0.064,1
4.71,31.82,10.68,3.1,7.79,10.67,1.498,0.064,1
4.73,31.76,10.65,3.1,7.78,10.69,1.498,0.064,1
4.66,31.85,10.65,3.1,7.79,10.7,1.498,0.064,1
4.7,31.95,10.64,3.34,7.79,10.96,1.599,0.066,1
4.66,31.72,10.62,3.34,7.78,10.57,1.599,0.066,1
4.75,31.59,10.62,3.34,7.77,10.59,1.599,0.066,1
4.71,31.53,10.62,3.34,7.77,10.62,1.599,0.066,1
4.78,31.54,10.62,3.34,7.77,10.68,1.599,0.066,1
4.64,31.71,10.64,3.34,7.78,10.81,1.599,0.066,1
4.54,31.75,10.67,3.34,7.78,10.81,1.599,0.066,1
4.44,31.97,10.68,3.34,7.78,10.86,1.599,0.066,1
4.44,32.06,10.67,3.34,7.78,10.89,1.599,0.066,1
4.41,31.77,10.59,3.34,7.76,10.93,1.599,0.066,1
4.46,31.45,10.56,3.34,7.75,10.89,1.599,0.066,1
4.39,31.15,10.6,3.34,7.75,10.9,1.599,0.066,1
5,30.95,10.5,3.36,7.74,11.08,0.969,0.06,1
5.26,31.08,10.51,3.36,7.75,11.04,0.969,0.06,1
5.34,31.37,10.53,3.36,7.76,10.77,0.969,0.06,1
5.09,31.69,10.61,3.36,7.77,10.8,0.969,0.06,1
5.1,31.79,10.59,3.36,7.77,10.83,0.969,0.06,1
5.12,31.68,10.56,3.36,7.76,10.85,0.969,0.06,1
5.1,31.43,10.51,3.36,7.75,10.99,0.969,0.06,1
5.09,31.36,10.46,3.36,7.75,11,0.969,0.06,1
5.13,31.15,10.4,3.36,7.74,11.03,0.969,0.06,1
5.09,31.06,10.4,3.36,7.75,10.99,0.969,0.06,1
5.07,31.09,10.4,3.36,7.75,11.05,0.969,0.06,1
4.92,31.28,10.49,3.36,7.77,11.08,0.969,0.06,1
4.7,31.42,10.59,3.36,7.78,11.02,0.969,0.062,1
4.44,32.09,10.7,3.36,7.8,11.29,0.969,0.062,1
4.48,31.96,10.66,3.36,7.79,11.15,0.969,0.062,1
4.45,31.83,10.62,3.36,7.79,11.18,0.969,0.062,1
4.31,31.85,10.63,3.36,7.79,11.18,0.969,0.062,1
4.24,31.86,10.63,3.36,7.79,11.23,0.969,0.062,1
4.21,31.88,10.63,3.36,7.79,11.28,0.969,0.062,1
4.19,31.85,10.6,3.36,7.79,11.47,0.969,0.062,1
4.27,31.63,10.55,3.36,7.78,11.71,0.969,0.062,1
4.45,31.19,10.43,3.36,7.77,11.56,0.969,0.062,1
4.01,31.55,10.66,3.36,7.81,11.55,0.969,0.062,1
3.92,32.27,10.74,3.36,7.82,11.72,0.969,0.062,1
3.58,32.26,10.72,3.46,7.81,11.77,0.969,0.063,1
3.31,32.2,10.68,3.46,7.81,11.71,0.969,0.063,1
3.31,32.16,10.65,3.46,7.81,11.76,0.969,0.063,1
3.24,32.11,10.63,3.46,7.8,11.82,0.969,0.063,1
3.2,32.04,10.61,3.46,7.8,11.78,0.969,0.063,1
3.28,32.02,10.6,3.46,7.8,11.92,0.969,0.063,1
3.11,32.02,10.58,3.46,7.8,11.89,0.969,0.063,1
2.99,32,10.57,3.46,7.8,11.94,0.969,0.063,1
3.03,31.96,10.56,3.46,7.79,12.04,0.969,0.063,1
2.96,31.95,10.56,3.46,7.79,12.14,0.969,0.063,1
2.81,31.93,10.55,3.46,7.79,12.37,0.969,0.063,1
2.68,31.92,10.53,3.46,7.79,13.03,0.969,0.063,1
2.47,31.87,10.52,3.54,7.79,12.52,1.102,0.065,1
2.36,31.85,10.51,3.54,7.79,12.37,1.102,0.065,1
2.25,31.86,10.5,3.54,7.79,12.61,1.102,0.065,1
2.24,31.88,10.49,3.54,7.79,12.36,1.102,0.065,1
2.25,31.98,10.48,3.54,7.79,12.59,1.102,0.065,1
2.26,31.9,10.47,3.54,7.78,12.42,1.102,0.065,1
2.1,31.77,10.45,3.54,7.77,12.19,1.102,0.065,1
1.97,31.62,10.43,3.54,7.77,11.81,1.102,0.065,1
1.88,31.65,10.44,3.54,7.77,11.86,1.102,0.065,1
1.75,31.64,10.42,3.54,7.77,11.78,1.102,0.065,1
1.69,31.65,10.43,3.54,7.77,11.91,1.102,0.065,1
1.68,31.65,10.41,3.54,7.77,11.84,1.102,0.065,1
1.64,31.58,10.37,3.73,7.76,11.92,1.33,0.068,1
1.56,31.52,10.35,3.73,7.76,11.83,1.33,0.068,1
1.56,31.42,10.36,3.73,7.76,11.84,1.33,0.068,1
1.52,31.55,10.38,3.73,7.76,12.02,1.33,0.068,1
1.45,31.57,10.37,3.73,7.76,12.08,1.33,0.068,1
1.26,31.41,10.37,3.73,7.75,12.2,1.33,0.068,1
1.21,31.39,10.37,3.73,7.76,12.26,1.33,0.068,1
1.22,31.48,10.38,3.73,7.76,12.18,1.33,0.068,1
1.26,31.49,10.36,3.73,7.75,12.32,1.33,0.068,1
1.2,31.47,10.34,3.73,7.75,12.53,1.33,0.068,1
1.09,31.43,10.31,3.73,7.75,12.82,1.33,0.068,1
1.05,31.24,10.3,3.73,7.74,12.89,1.33,0.068,1
1.05,31.12,10.28,3.52,7.73,12.44,1.598,0.071,1
0.98,30.93,10.25,3.52,7.72,12.45,1.598,0.071,1
0.91,30.72,10.25,3.52,7.72,11.73,1.598,0.071,1
0.95,30.72,10.25,3.52,7.72,11.75,1.598,0.071,1
0.95,30.85,10.26,3.52,7.72,12.12,1.598,0.071,1
0.94,30.8,10.25,3.52,7.72,11.95,1.598,0.071,1
0.94,30.79,10.24,3.52,7.72,11.94,1.598,0.071,1
0.86,30.78,10.24,3.52,7.72,12,1.598,0.071,1
0.78,30.81,10.24,3.52,7.72,11.81,1.598,0.071,1
0.77,30.77,10.22,3.52,7.72,11.71,1.598,0.071,1
0.75,30.74,10.2,3.52,7.72,11.82,1.598,0.071,1
0.73,30.72,10.19,3.52,7.71,11.62,1.598,0.071,1
0.71,30.41,10.19,3.58,7.71,11.53,1.496,0.069,1
0.73,30.37,10.19,3.58,7.71,11.58,1.496,0.069,1
0.76,30.37,10.18,3.58,7.7,11.49,1.496,0.069,1
0.74,30.31,10.16,3.58,7.7,11.41,1.496,0.069,1
0.71,30.38,10.16,3.58,7.7,11.4,1.496,0.069,1
0.72,30.37,10.16,3.58,7.7,11.45,1.496,0.069,1
0.74,30.3,10.15,3.58,7.7,11.41,1.496,0.069,1
0.78,30.27,10.16,3.58,7.7,11.45,1.496,0.069,1
0.8,30.25,10.16,3.58,7.7,11.39,1.496,0.069,1
0.8,30.23,10.15,3.58,7.7,11.36,1.496,0.069,1
0.73,30.19,10.17,3.58,7.7,11.26,1.496,0.069,1
0.63,30.27,10.16,3.58,7.7,11.26,1.496,0.069,1
0.68,30.31,10.17,3.44,7.7,11.27,1.458,0.065,1
0.66,30.39,10.18,3.44,7.7,11.3,1.458,0.065,1
0.53,30.37,10.17,3.44,7.7,11.26,1.458,0.065,1
0.42,30.3,10.17,3.44,7.7,11.22,1.458,0.065,1
0.36,30.22,10.18,3.44,7.7,11.09,1.458,0.065,1
0.34,30.2,10.17,3.44,7.71,11.06,1.458,0.065,1
0.4,30.3,10.17,3.44,7.71,11.11,1.458,0.065,1
0.52,30.46,10.17,3.44,7.71,11.14,1.458,0.065,1
0.46,30.46,10.17,3.44,7.71,11.35,1.458,0.065,1
0.41,30.38,10.18,3.44,7.71,11.24,1.458,0.065,1
0.32,30.31,10.2,3.44,7.71,11.31,1.458,0.065,1
0.28,30.31,10.2,3.44,7.71,11.25,1.458,0.065,1
0.25,30.32,10.2,3.01,7.71,11.35,0.981,0.06,1
0.28,30.29,10.21,3.01,7.71,11.23,0.981,0.06,1
0.29,30.29,10.22,3.01,7.71,11.23,0.981,0.06,1
0.23,30.28,10.23,3.01,7.71,11.18,0.981,0.06,1
0.21,30.23,10.22,3.01,7.72,11.21,0.981,0.06,1
0.16,30.28,10.23,3.01,7.72,11.1,0.981,0.06,1
0.05,30.26,10.23,3.01,7.72,11.1,0.981,0.06,1
0.14,30.29,10.23,3.01,7.72,11.05,0.981,0.06,1
0.23,30.35,10.24,3.01,7.73,11.02,0.981,0.06,1
0.35,30.45,10.24,3.01,7.73,10.94,0.981,0.06,1
0.47,30.58,10.22,3.01,7.73,10.9,0.981,0.06,1
0.58,30.7,10.22,3.01,7.74,10.91,0.981,0.06,1
0.63,30.82,10.21,2.67,7.74,10.88,0.808,0.054,1
0.63,30.78,10.2,2.67,7.74,10.96,0.808,0.054,1
0.57,30.76,10.21,2.67,7.74,11.01,0.808,0.054,1
0.46,30.68,10.19,2.67,7.74,11.02,0.808,0.054,1
0.37,30.53,10.18,2.67,7.74,11.1,0.808,0.054,1
0.4,30.62,10.21,2.67,7.75,11.03,0.808,0.054,1
0.46,30.72,10.22,2.67,7.76,11.17,0.808,0.054,1
0.59,30.87,10.25,2.67,7.76,10.9,0.808,0.054,1
0.72,31.01,10.27,2.67,7.77,10.79,0.808,0.054,1
0.9,31.23,10.27,2.67,7.78,10.69,0.808,0.054,1
0.99,31.39,10.29,2.67,7.79,10.72,0.808,0.054,1
1.02,31.42,10.32,2.67,7.79,10.66,0.808,0.054,1
1.23,31.6,10.36,2.69,7.8,10.58,0.723,0.055,1
1.31,31.9,10.38,2.69,7.81,10.43,0.723,0.055,1
1.44,31.9,10.37,2.69,7.81,10.51,0.723,0.055,1
1.41,31.9,10.38,2.69,7.81,10.56,0.723,0.055,1
1.43,31.91,10.4,2.69,7.81,10.56,0.723,0.055,1
1.4,31.92,10.42,2.69,7.82,10.57,0.723,0.055,1
1.48,31.96,10.46,2.69,7.82,10.55,0.723,0.055,1
1.55,32.13,10.49,2.69,7.83,10.31,0.723,0.055,1
1.67,32.15,10.49,2.69,7.83,10.36,0.723,0.055,1
1.71,32.17,10.49,2.69,7.83,10.53,0.723,0.055,1
1.66,32.18,10.48,2.69,7.83,10.58,0.723,0.055,1
1.67,32.21,10.47,2.69,7.83,10.47,0.723,0.055,1
1.76,32.21,10.47,2.22,7.83,10.48,0.717,0.055,0
1.85,32.22,10.48,2.22,7.83,10.4,0.717,0.055,0
1.86,32.22,10.48,2.22,7.83,10.37,0.717,0.055,0
1.88,32.23,10.49,2.22,7.83,10.42,0.717,0.055,0
1.88,32.23,10.49,2.22,7.83,10.51,0.717,0.055,0
1.87,32.23,10.5,2.22,7.83,10.47,0.717,0.055,0
1.9,32.23,10.5,2.22,7.83,10.61,0.717,0.055,0
1.96,32.24,10.51,2.22,7.84,10.5,0.717,0.055,0
2,32.26,10.53,2.22,7.84,10.53,0.717,0.055,0
2.21,32.34,10.52,2.22,7.84,10.72,0.717,0.055,0
2.28,32.35,10.52,2.22,7.84,10.49,0.717,0.055,0
2.37,32.35,10.53,2.22,7.84,10.43,0.717,0.055,0
2.37,32.35,10.53,2.48,7.84,10.51,0.814,0.058,0
2.34,32.35,10.53,2.48,7.84,10.45,0.814,0.058,0
2.35,32.35,10.53,2.48,7.84,10.46,0.814,0.058,0
2.36,32.34,10.53,2.48,7.84,10.53,0.814,0.058,0
2.36,32.34,10.54,2.48,7.84,10.46,0.814,0.058,0
2.36,32.34,10.56,2.48,7.84,10.55,0.814,0.058,0
2.35,32.34,10.55,2.48,7.84,10.72,0.814,0.058,0
2.29,32.34,10.55,2.48,7.84,10.75,0.814,0.058,0
2.31,32.32,10.55,2.48,7.84,10.76,0.814,0.058,0
2.37,32.32,10.56,2.48,7.84,10.74,0.814,0.058,0
2.4,32.33,10.56,2.48,7.84,10.9,0.814,0.058,0
2.38,32.33,10.56,2.48,7.84,10.94,0.814,0.058,0
2.34,32.32,10.56,2.61,7.84,11,0.912,0.06,1
2.34,32.32,10.57,2.61,7.84,11.05,0.912,0.06,1
2.31,32.32,10.57,2.61,7.84,11.16,0.912,0.06,1
2.25,32.32,10.57,2.61,7.84,11.28,0.912,0.06,1
2.31,32.33,10.59,2.61,7.84,11.33,0.912,0.06,1
2.27,32.34,10.58,2.61,7.84,11.55,0.912,0.06,1
2.31,32.33,10.58,2.61,7.84,11.57,0.912,0.06,1
2.42,32.34,10.6,2.61,7.84,11.71,0.912,0.06,1
2.42,32.34,10.6,2.61,7.83,11.73,0.912,0.06,1
2.36,32.34,10.59,2.61,7.83,11.7,0.912,0.06,1
2.28,32.33,10.59,2.61,7.83,11.72,0.912,0.06,1
2.28,32.33,10.6,2.61,7.83,11.75,0.912,0.06,1
2.29,32.33,10.61,2.41,7.83,11.86,1.103,0.064,0
2.29,32.33,10.61,2.41,7.83,11.92,1.103,0.064,0
2.22,32.32,10.6,2.41,7.83,12.01,1.103,0.064,0
2.26,32.33,10.59,2.41,7.83,12.08,1.103,0.064,0
2.27,32.32,10.6,2.41,7.83,12.15,1.103,0.064,0
2.26,32.32,10.6,2.41,7.83,12.27,1.103,0.064,0
2.31,32.3,10.59,2.41,7.83,12.47,1.103,0.064,0
2.33,32.29,10.58,2.41,7.82,12.39,1.103,0.064,0
2.29,32.29,10.59,2.41,7.82,12.42,1.103,0.064,0
2.32,32.28,10.59,2.41,7.82,12.32,1.103,0.064,0
2.43,32.27,10.59,2.41,7.82,12.52,1.103,0.064,0
2.46,32.26,10.59,2.41,7.82,12.46,1.103,0.064,0
2.45,32.24,10.58,2.58,7.82,12.49,1.351,0.068,1
2.48,32.23,10.6,2.58,7.82,12.53,1.351,0.068,1
2.47,32.22,10.6,2.58,7.81,12.6,1.351,0.068,1
2.45,32.18,10.6,2.58,7.81,12.57,1.351,0.068,1
2.51,32.16,10.6,2.58,7.81,12.65,1.351,0.068,1
2.53,32.12,10.6,2.58,7.8,12.8,1.351,0.068,1
2.44,32.09,10.6,2.58,7.8,12.75,1.351,0.068,1
2.38,32.07,10.59,2.58,7.8,12.9,1.351,0.068,1
2.4,32.09,10.57,2.58,7.8,12.98,1.351,0.068,1
2.4,32.06,10.58,2.58,7.8,12.78,1.351,0.068,1
2.33,32.02,10.58,2.58,7.79,12.65,1.351,0.068,1
2.24,31.97,10.56,2.58,7.79,12.71,1.351,0.068,1
2.23,31.94,10.56,2.94,7.79,12.74,1.53,0.071,1
2.26,31.92,10.55,2.94,7.79,12.79,1.53,0.071,1
2.27,31.92,10.54,2.94,7.78,12.87,1.53,0.071,1
2.26,31.83,10.55,2.94,7.78,12.79,1.53,0.071,1
2.21,31.73,10.54,2.94,7.77,12.75,1.53,0.071,1
2.19,31.62,10.54,2.94,7.77,12.73,1.53,0.071,1
2.2,31.56,10.54,2.94,7.76,12.82,1.53,0.071,1
2.17,31.51,10.53,2.94,7.76,12.83,1.53,0.071,1
2.21,31.52,10.52,2.94,7.76,12.98,1.53,0.071,1
2.14,31.48,10.5,2.94,7.75,13.06,1.53,0.071,1
2.04,31.22,10.51,2.94,7.75,12.86,1.53,0.071,1
2.06,31.24,10.5,2.94,7.75,12.47,1.53,0.071,1
2.09,31.18,10.5,2.71,7.75,12.34,1.665,0.071,1
2.19,31.24,10.49,2.71,7.75,12.54,1.665,0.071,1
2.26,31.22,10.47,2.71,7.75,12.49,1.665,0.071,1
2.3,31.27,10.46,2.71,7.75,12.48,1.665,0.071,1
2.3,31.35,10.47,2.71,7.75,12.73,1.665,0.071,1
2.33,31.43,10.48,2.71,7.75,13.14,1.665,0.071,1
2.32,31.42,10.47,2.71,7.74,13.51,1.665,0.071,1
2.24,31.14,10.42,2.71,7.73,12.79,1.665,0.071,1
2.21,30.99,10.42,2.71,7.73,12.58,1.665,0.071,1
2.2,31.04,10.44,2.71,7.73,12.57,1.665,0.071,1
2.16,31.03,10.43,2.71,7.73,12.51,1.665,0.071,1
2.16,30.98,10.42,2.71,7.73,12.47,1.665,0.071,1
2.2,30.96,10.41,2.83,7.72,12.39,1.819,0.074,1
2.13,30.79,10.37,2.83,7.72,12.38,1.819,0.074,1
2.16,30.76,10.37,2.83,7.72,12.21,1.819,0.074,1
2.23,30.89,10.39,2.83,7.73,12.71,1.819,0.074,1
2.26,31.06,10.41,2.83,7.73,12.49,1.819,0.074,1
2.26,31.04,10.4,2.83,7.72,12.42,1.819,0.074,1
2.28,31.01,10.39,2.83,7.72,12.34,1.819,0.074,1
2.21,31.03,10.38,2.83,7.72,12.16,1.819,0.074,1
2.14,31.02,10.39,2.83,7.72,12.27,1.819,0.074,1
2.08,30.97,10.38,2.83,7.72,12.4,1.819,0.074,1
2.07,30.9,10.36,2.83,7.71,12.39,1.819,0.074,1
2.06,30.69,10.32,2.83,7.71,12.67,1.819,0.074,1
2.09,30.64,10.32,2.83,7.71,12.75,2.017,0.074,1
2.14,30.68,10.32,2.83,7.71,12.92,2.017,0.074,1
2.17,30.79,10.35,2.83,7.71,12.8,2.017,0.074,1
2.09,30.68,10.3,2.83,7.7,12.6,2.017,0.074,1
2.04,30.48,10.27,2.83,7.7,13.01,2.017,0.074,1
2.03,30.37,10.25,2.83,7.69,12.13,2.017,0.074,1
2.07,30.35,10.24,2.83,7.69,11.92,2.017,0.074,1
2.09,30.37,10.21,2.83,7.69,12.11,2.017,0.074,1
2.11,30.37,10.22,2.83,7.69,12.09,2.017,0.074,1
2.24,30.36,10.22,2.83,7.69,11.98,2.017,0.074,1
2.49,30.41,10.24,2.83,7.69,12.06,2.017,0.074,1
2.6,30.43,10.22,2.83,7.69,12.22,2.017,0.074,1
2.7,30.5,10.23,2.56,7.69,12.21,1.677,0.067,1
2.74,30.55,10.22,2.56,7.69,12.1,1.677,0.067,1
2.78,30.38,10.22,2.56,7.69,11.94,1.677,0.067,1
2.81,30.26,10.24,2.56,7.69,11.68,1.677,0.067,1
2.83,30.24,10.24,2.56,7.69,11.65,1.677,0.067,1
2.91,30.33,10.23,2.56,7.69,11.53,1.677,0.067,1
2.97,30.32,10.2,2.56,7.69,11.48,1.677,0.067,1
3.08,30.27,10.21,2.56,7.69,11.55,1.677,0.067,1
3.13,30.24,10.23,2.56,7.68,11.72,1.677,0.067,1
3.18,30.12,10.23,2.56,7.68,12.02,1.677,0.067,1
3.16,30.03,10.22,2.56,7.68,12.12,1.677,0.067,1
3.15,29.95,10.24,2.56,7.68,12.34,1.677,0.067,1
3.16,29.9,10.22,2.02,7.68,12.17,1.04,0.058,0
3.19,29.87,10.23,2.02,7.69,12.24,1.04,0.058,0
3.17,29.91,10.27,2.02,7.69,12.21,1.04,0.058,0
3.18,29.93,10.29,2.02,7.7,12.2,1.04,0.058,0
3.25,29.95,10.29,2.02,7.7,12.15,1.04,0.058,0
3.28,29.99,10.3,2.02,7.71,12.06,1.04,0.058,0
3.32,30.07,10.32,2.02,7.72,12.04,1.04,0.058,0
3.35,30.22,10.33,2.02,7.73,11.83,1.04,0.058,0
3.53,30.38,10.36,2.02,7.74,11.7,1.04,0.058,0
3.56,30.55,10.35,2.02,7.75,11.49,1.04,0.058,0
3.5,30.6,10.35,2.02,7.77,11.44,1.04,0.058,0
3.55,30.7,10.4,2.02,7.79,11.55,1.04,0.058,0
4.08,31.39,10.46,2.24,7.82,11.38,1.026,0.059,0
4.3,32.26,10.46,2.24,7.83,10.83,1.026,0.059,0
4.26,32.26,10.47,2.24,7.83,11.18,1.026,0.059,0
4.38,32.23,10.47,2.24,7.82,11.39,1.026,0.059,0
4.32,32.22,10.47,2.24,7.83,11.72,1.026,0.059,0
4.37,32.21,10.49,2.24,7.82,11.3,1.026,0.059,0
4.31,32.17,10.5,2.24,7.83,10.68,1.026,0.059,0
4.35,32.18,10.5,2.24,7.83,10.8,1.026,0.059,0
4.41,32.19,10.51,2.24,7.83,11.01,1.026,0.059,0
4.57,32.18,10.52,2.24,7.83,10.98,1.026,0.059,0
4.5,32.19,10.53,2.24,7.83,11.03,1.026,0.059,0
4.43,32.2,10.55,2.24,7.83,11.07,1.026,0.059,0
4.36,32.25,10.55,2.34,7.83,11.01,0.687,0.056,0
4.38,32.27,10.54,2.34,7.83,10.89,0.687,0.056,0
4.39,32.31,10.53,2.34,7.83,10.92,0.687,0.056,0
4.35,32.31,10.52,2.34,7.83,11.11,0.687,0.056,0
4.21,32.28,10.52,2.34,7.83,11.55,0.687,0.056,0
4.16,32.27,10.52,2.34,7.83,11.6,0.687,0.056,0
4.12,32.24,10.51,2.34,7.83,11.31,0.687,0.056,0
4.14,32.25,10.5,2.34,7.83,11.42,0.687,0.056,0
4.13,32.26,10.51,2.34,7.83,11.84,0.687,0.056,0
4.13,32.27,10.52,2.34,7.83,12.21,0.687,0.056,0
4.09,32.28,10.54,2.34,7.84,12.59,0.687,0.056,0
4.03,32.28,10.55,2.34,7.84,13.3,0.687,0.056,0
4.02,32.29,10.55,2.69,7.84,11.93,0.71,0.059,1
4.03,32.32,10.55,2.69,7.84,11.29,0.71,0.059,1
4.03,32.32,10.55,2.69,7.84,11.27,0.71,0.059,1
4.12,32.32,10.56,2.69,7.84,11.13,0.71,0.059,1
4.11,32.33,10.56,2.69,7.84,11.15,0.71,0.059,1
4.12,32.33,10.57,2.69,7.84,11.14,0.71,0.059,1
4.1,32.35,10.59,2.69,7.84,10.94,0.71,0.059,1
4.08,32.37,10.59,2.69,7.84,10.83,0.71,0.059,1
4.03,32.38,10.59,2.69,7.84,10.72,0.71,0.059,1
4,32.37,10.59,2.69,7.84,10.81,0.71,0.059,1
4.04,32.38,10.61,2.69,7.84,10.88,0.71,0.059,1
4,32.37,10.61,2.69,7.84,10.9,0.71,0.059,1
3.94,32.36,10.6,3.07,7.84,10.83,0.899,0.062,1
3.91,32.35,10.59,3.07,7.84,10.75,0.899,0.062,1
3.9,32.34,10.59,3.07,7.84,10.75,0.899,0.062,1
3.84,32.34,10.61,3.07,7.84,11.03,0.899,0.062,1
3.8,32.34,10.6,3.07,7.84,11.17,0.899,0.062,1
3.72,32.33,10.61,3.07,7.84,11.28,0.899,0.062,1
3.69,32.33,10.62,3.07,7.84,11.53,0.899,0.062,1
3.68,32.33,10.61,3.07,7.84,11.19,0.899,0.062,1
3.7,32.33,10.6,3.07,7.84,11.66,0.899,0.062,1
3.67,32.33,10.62,3.07,7.83,11.27,0.899,0.062,1
3.59,32.33,10.61,3.07,7.83,11.24,0.899,0.062,1
3.54,32.36,10.6,3.07,7.83,11.36,0.899,0.062,1
3.5,32.34,10.61,3.18,7.83,11.46,0.997,0.066,1
3.5,32.34,10.61,3.18,7.83,11.54,0.997,0.066,1
3.44,32.33,10.6,3.18,7.83,11.55,0.997,0.066,1
3.49,32.31,10.59,3.18,7.83,11.43,0.997,0.066,1
3.48,32.33,10.6,3.18,7.83,11.65,0.997,0.066,1
3.38,32.34,10.59,3.18,7.82,11.98,0.997,0.066,1
3.29,32.34,10.57,3.18,7.82,11.93,0.997,0.066,1
3.19,32.32,10.56,3.18,7.82,11.87,0.997,0.066,1
3.19,32.35,10.57,3.18,7.82,12.09,0.997,0.066,1
3.1,32.35,10.56,3.18,7.82,12.17,0.997,0.066,1
2.92,32.32,10.52,3.18,7.81,12.31,0.997,0.066,1
2.92,32.22,10.51,3.18,7.81,11.93,0.997,0.066,1
3,32.21,10.51,3.49,7.81,12.02,1.221,0.068,1
2.96,32.2,10.49,3.49,7.8,12.17,1.221,0.068,1
2.87,32.16,10.49,3.49,7.8,12.1,1.221,0.068,1
2.81,32.13,10.48,3.49,7.8,12.17,1.221,0.068,1
2.77,32.09,10.46,3.49,7.79,12.17,1.221,0.068,1
2.65,32.05,10.45,3.49,7.79,12.15,1.221,0.068,1
2.56,32.01,10.43,3.49,7.79,12.18,1.221,0.068,1
2.5,31.97,10.42,3.49,7.78,12.17,1.221,0.068,1
2.44,31.95,10.41,3.49,7.78,12.21,1.221,0.068,1
2.45,31.91,10.4,3.49,7.78,12.35,1.221,0.068,1
2.46,31.9,10.39,3.49,7.78,12.43,1.221,0.068,1
2.39,31.93,10.39,3.49,7.78,12.56,1.221,0.068,1
2.38,31.92,10.38,3.69,7.78,12.58,1.535,0.068,1
2.33,31.93,10.39,3.69,7.77,12.69,1.535,0.068,1
2.26,31.95,10.38,3.69,7.77,12.92,1.535,0.068,1
2.13,31.94,10.36,3.69,7.76,12.94,1.535,0.068,1
2.04,31.83,10.32,3.69,7.76,12.77,1.535,0.068,1
1.89,31.62,10.27,3.69,7.75,12.64,1.535,0.068,1
1.65,31.38,10.23,3.69,7.74,12.56,1.535,0.068,1
1.59,31.28,10.22,3.69,7.74,12.58,1.535,0.068,1
1.48,31.25,10.22,3.69,7.74,12.57,1.535,0.068,1
1.46,31.35,10.24,3.69,7.74,12.73,1.535,0.068,1
1.49,31.27,10.25,3.69,7.75,12.72,1.535,0.068,1
1.8,31.48,10.27,3.69,7.75,12.68,1.535,0.068,1
1.89,31.58,10.26,3.71,7.75,12.68,1.888,0.072,1
1.78,31.59,10.25,3.71,7.74,12.71,1.888,0.072,1
1.54,31.39,10.19,3.71,7.73,12.53,1.888,0.072,1
1.44,31.28,10.18,3.71,7.73,12.41,1.888,0.072,1
1.34,31.16,10.16,3.71,7.73,12.44,1.888,0.072,1
1.31,31.11,10.15,3.71,7.73,12.43,1.888,0.072,1
1.38,31.01,10.15,3.71,7.73,12.4,1.888,0.072,1
1.45,31.08,10.15,3.71,7.73,12.64,1.888,0.072,1
1.36,30.96,10.16,3.71,7.73,12.6,1.888,0.072,1
1.47,31.18,10.21,3.71,7.74,13.14,1.888,0.072,1
1.55,31.44,10.23,3.71,7.74,14.17,1.888,0.072,1
1.56,31.45,10.23,3.71,7.73,14.29,1.888,0.072,1
1.44,31.29,10.18,3.81,7.72,13.81,1.938,0.069,1
1.39,31.2,10.15,3.81,7.72,13.51,1.938,0.069,1
1.29,31.07,10.13,3.81,7.72,13.11,1.938,0.069,1
1.2,30.96,10.12,3.81,7.72,12.68,1.938,0.069,1
1.22,31.06,10.12,3.81,7.72,12.95,1.938,0.069,1
1.26,30.98,10.1,3.81,7.71,13.05,1.938,0.069,1
1.38,31.03,10.1,3.81,7.71,14.25,1.938,0.069,1
1.34,30.96,10.07,3.81,7.71,12.81,1.938,0.069,1
1.16,30.87,10.05,3.81,7.71,12.21,1.938,0.069,1
1.14,30.81,10.03,3.81,7.7,11.88,1.938,0.069,1
1.04,30.8,10.02,3.81,7.7,11.91,1.938,0.069,1
0.92,30.67,10.02,3.81,7.7,11.36,1.938,0.069,1
0.81,30.59,10.02,3.44,7.69,11.29,2,0.07,1
0.64,30.55,10.02,3.44,7.69,11.42,2,0.07,1
0.62,30.43,10.04,3.44,7.69,11.26,2,0.07,1
0.64,30.41,10.01,3.44,7.69,11.21,2,0.07,1
0.61,30.42,10.01,3.44,7.69,11.36,2,0.07,1
0.64,30.38,10,3.44,7.69,11.2,2,0.07,1
0.76,30.44,9.98,3.44,7.69,0,2,0.07,1
0.73,30.53,9.95,3.44,7.69,0,2,0.07,1
0.75,30.44,9.94,3.44,7.69,0,2,0.07,1
0.9,30.53,9.95,3.44,7.7,0,2,0.07,1
0.88,30.62,9.96,3.44,7.7,0,2,0.07,1
0.8,30.62,9.97,3.44,7.7,0,2,0.07,1
0.78,30.56,9.99,3.27,7.7,0,1.962,0.068,1
0.87,30.76,9.99,3.27,7.7,0,1.962,0.068,1
0.73,30.66,9.97,3.27,7.69,0,1.962,0.068,1
0.53,30.45,9.94,3.27,7.69,0,1.962,0.068,1
0.4,30.41,9.95,3.27,7.69,10.84,1.962,0.068,1
0.32,30.24,9.96,3.27,7.69,10.93,1.962,0.068,1
0.29,30.2,9.96,3.27,7.69,10.94,1.962,0.068,1
0.35,30.19,9.97,3.27,7.69,10.87,1.962,0.068,1
0.39,30.21,9.98,3.27,7.69,10.78,1.962,0.068,1
0.45,30.25,10,3.27,7.7,10.76,1.962,0.068,1
0.44,30.33,9.98,3.27,7.7,10.8,1.962,0.068,1
0.42,30.35,9.99,3.27,7.7,10.89,1.962,0.068,1
0.38,30.36,9.98,2.9,7.7,10.85,1.008,0.058,1
0.44,30.38,9.97,2.9,7.7,10.8,1.008,0.058,1
0.41,30.41,9.97,2.9,7.71,10.97,1.008,0.058,1
0.43,30.43,9.97,2.9,7.71,10.85,1.008,0.058,1
0.49,30.45,9.97,2.9,7.72,10.79,1.008,0.058,1
0.48,30.48,9.97,2.9,7.72,10.89,1.008,0.058,1
0.36,30.5,9.96,2.9,7.72,11.07,1.008,0.058,1
0.26,30.5,9.97,2.9,7.72,11.08,1.008,0.058,1
0.32,30.55,9.96,2.9,7.73,11.1,1.008,0.058,1
0.34,30.56,9.94,2.9,7.73,11.01,1.008,0.058,1
0.41,30.54,9.94,2.9,7.73,11.02,1.008,0.058,1
0.42,30.47,9.96,2.9,7.74,11.03,1.008,0.058,1
0.43,30.45,9.97,2.99,7.75,11.24,1.096,0.056,1
0.44,30.48,9.97,2.99,7.76,11.23,1.096,0.056,1
0.56,30.58,10.01,2.99,7.78,11.39,1.096,0.056,1
0.9,30.91,10.1,2.99,7.8,11.44,1.096,0.056,1
1.31,31.68,10.24,2.99,7.82,11.13,1.096,0.056,1
1.5,32.25,10.3,2.99,7.83,10.9,1.096,0.056,1
1.49,32.25,10.29,2.99,7.83,10.85,1.096,0.056,1
1.58,32.23,10.29,2.99,7.83,10.99,1.096,0.056,1
1.58,32.22,10.29,2.99,7.83,11.27,1.096,0.056,1
1.48,32.21,10.3,2.99,7.83,11.4,1.096,0.056,1
1.55,32.19,10.31,2.99,7.83,11.43,1.096,0.056,1
1.68,32.19,10.32,2.99,7.83,11.62,1.096,0.056,1
1.88,32.2,10.33,2.98,7.83,11.44,1.014,0.056,1
2.05,32.26,10.34,2.98,7.83,11.21,1.014,0.056,1
2.11,32.29,10.35,2.98,7.83,11.24,1.014,0.056,1
2.1,32.3,10.35,2.98,7.83,11.22,1.014,0.056,1
2.12,32.29,10.35,2.98,7.83,11.19,1.014,0.056,1
2.18,32.27,10.35,2.98,7.83,11.45,1.014,0.056,1
2.18,32.22,10.34,2.98,7.82,11.3,1.014,0.056,1
2.23,32.2,10.34,2.98,7.82,11.3,1.014,0.056,1
2.29,32.19,10.33,2.98,7.82,11.27,1.014,0.056,1
2.29,32.18,10.34,2.98,7.82,11.29,1.014,0.056,1
2.29,32.17,10.35,2.98,7.82,11.38,1.014,0.056,1
2.3,32.16,10.37,2.98,7.82,11.49,1.014,0.056,1
2.24,32.16,10.37,2.87,7.82,11.71,1.216,0.061,1
2.2,32.16,10.37,2.87,7.82,11.81,1.216,0.061,1
2.28,32.15,10.37,2.87,7.82,11.77,1.216,0.061,1
2.36,32.16,10.38,2.87,7.82,11.8,1.216,0.061,1
2.34,32.18,10.36,2.87,7.82,11.98,1.216,0.061,1
2.34,32.19,10.37,2.87,7.83,12,1.216,0.061,1
2.4,32.22,10.38,2.87,7.83,13.13,1.216,0.061,1
2.38,32.22,10.39,2.87,7.83,12.25,1.216,0.061,1
2.37,32.25,10.39,2.87,7.83,11.62,1.216,0.061,1
2.4,32.28,10.42,2.87,7.83,11.28,1.216,0.061,1
2.44,32.33,10.43,2.87,7.83,11.41,1.216,0.061,1
2.44,32.35,10.43,2.87,7.83,11.81,1.216,0.061,1
2.49,32.36,10.44,3.45,7.83,11.86,1.39,0.065,1
2.48,32.37,10.44,3.45,7.83,12.21,1.39,0.065,1
2.46,32.3,10.42,3.45,7.82,12.11,1.39,0.065,1
2.46,32.25,10.4,3.45,7.82,11.32,1.39,0.065,1
2.48,32.25,10.41,3.45,7.82,11.16,1.39,0.065,1
2.56,32.27,10.41,3.45,7.82,11.32,1.39,0.065,1
2.75,32.28,10.43,3.45,7.82,11.4,1.39,0.065,1
2.89,32.27,10.41,3.45,7.81,11.4,1.39,0.065,1
2.81,32.24,10.4,3.45,7.81,11.37,1.39,0.065,1
2.74,32.2,10.41,3.45,7.81,11.21,1.39,0.065,1
2.76,32.16,10.41,3.45,7.81,11.21,1.39,0.065,1
2.79,32.14,10.41,3.45,7.8,11.19,1.39,0.065,1
2.8,32.16,10.41,3.42,7.8,11.33,1.068,0.063,1
2.73,32.14,10.39,3.42,7.8,11.35,1.068,0.063,1
2.68,32.05,10.37,3.42,7.79,11.42,1.068,0.063,1
2.63,31.94,10.33,3.42,7.78,11.33,1.068,0.063,1
2.8,31.75,10.32,3.42,7.78,11.34,1.068,0.063,1
2.89,31.78,10.33,3.42,7.78,11.46,1.068,0.063,1
2.97,31.77,10.3,3.42,7.77,11.53,1.068,0.063,1
3.03,31.48,10.25,3.42,7.76,11.71,1.068,0.063,1
3.02,31.4,10.27,3.42,7.77,11.76,1.068,0.063,1
3,31.48,10.31,3.42,7.77,11.71,1.068,0.063,1
3.05,31.85,10.32,3.42,7.78,12.18,1.068,0.063,1
3.19,31.49,10.25,3.42,7.77,12.01,1.068,0.063,1
3.35,31.42,10.25,3.51,7.77,11.96,1.186,0.066,1
3.46,31.53,10.29,3.51,7.78,12.21,1.186,0.066,1
3.51,31.59,10.3,3.51,7.78,12.54,1.186,0.066,1
3.44,31.72,10.33,3.51,7.79,12.75,1.186,0.066,1
3.36,31.85,10.37,3.51,7.8,12.87,1.186,0.066,1
3.41,31.86,10.37,3.51,7.8,13.34,1.186,0.066,1
3.39,31.78,10.35,3.51,7.8,13.45,1.186,0.066,1
3.23,31.95,10.44,3.51,7.81,13.51,1.186,0.066,1
3.2,32.17,10.47,3.51,7.82,13.68,1.186,0.066,1
3.26,32.26,10.47,3.51,7.82,13.55,1.186,0.066,1
3.21,32.25,10.47,3.51,7.82,13.58,1.186,0.066,1
3.16,32.23,10.46,3.51,7.82,13.94,1.186,0.066,1
3.1,32.19,10.44,3.42,7.81,13.46,1.441,0.072,1
3.08,32.15,10.44,3.42,7.81,13.32,1.441,0.072,1
3.06,32.15,10.45,3.42,7.81,13.51,1.441,0.072,1
3.07,32.17,10.45,3.42,7.81,13.9,1.441,0.072,1
3.11,32.18,10.45,3.42,7.81,14.17,1.441,0.072,1
3.08,32.14,10.43,3.42,7.8,13.95,1.441,0.072,1
3.1,32.1,10.42,3.42,7.8,13.84,1.441,0.072,1
3.23,32.09,10.41,3.42,7.8,14.11,1.441,0.072,1
3.32,32.1,10.42,3.42,7.79,13.32,1.441,0.072,1
3.33,32.09,10.4,3.42,7.79,13.29,1.441,0.072,1
3.32,32.03,10.4,3.42,7.78,13.27,1.441,0.072,1
3.32,31.94,10.39,3.42,7.77,13.07,1.441,0.072,1
3.25,31.85,10.37,3.64,7.77,12.96,1.802,0.078,1
3.16,31.67,10.35,3.64,7.76,12.91,1.802,0.078,1
3.18,31.66,10.36,3.64,7.76,12.91,1.802,0.078,1
3.2,31.72,10.35,3.64,7.76,13,1.802,0.078,1
3.22,31.74,10.37,3.64,7.76,13.19,1.802,0.078,1
3.21,31.78,10.35,3.64,7.76,13.49,1.802,0.078,1
3.17,31.7,10.34,3.64,7.76,13.39,1.802,0.078,1
3.16,31.71,10.34,3.64,7.75,13.6,1.802,0.078,1
3.05,31.62,10.32,3.64,7.75,13.55,1.802,0.078,1
2.99,31.53,10.32,3.64,7.74,13.47,1.802,0.078,1
2.96,31.51,10.31,3.64,7.74,13.56,1.802,0.078,1
2.86,31.42,10.29,3.64,7.73,13.56,1.802,0.078,1
2.81,31.34,10.27,3.75,7.73,13.53,2.372,0.085,1
2.72,31.25,10.26,3.75,7.73,13.56,2.372,0.085,1
2.72,31.21,10.24,3.75,7.72,13.57,2.372,0.085,1
2.75,31.2,10.24,3.75,7.72,13.41,2.372,0.085,1
2.66,31.1,10.22,3.75,7.71,13.38,2.372,0.085,1
2.61,30.94,10.19,3.75,7.71,13.22,2.372,0.085,1
2.57,30.88,10.18,3.75,7.71,13.3,2.372,0.085,1
2.53,30.84,10.17,3.75,7.71,13.43,2.372,0.085,1
2.52,30.82,10.19,3.75,7.71,13.46,2.372,0.085,1
2.59,30.95,10.22,3.75,7.71,14.17,2.372,0.085,1
2.59,31.04,10.2,3.75,7.71,14.73,2.372,0.085,1
2.55,31,10.2,3.75,7.7,14.64,2.372,0.085,1
2.49,30.92,10.2,3.79,7.7,14.32,2.486,0.085,1
2.4,30.8,10.19,3.79,7.69,13.97,2.486,0.085,1
2.32,30.72,10.18,3.79,7.69,13.76,2.486,0.085,1
2.24,30.7,10.17,3.79,7.69,13.71,2.486,0.085,1
2.22,30.67,10.15,3.79,7.68,13.67,2.486,0.085,1
2.13,30.45,10.12,3.79,7.67,13.75,2.486,0.085,1
2.14,30.31,10.1,3.79,7.67,13.74,2.486,0.085,1
2.14,30.26,10.07,3.79,7.66,13.75,2.486,0.085,1
2.21,30.09,10.05,3.79,7.66,13.8,2.486,0.085,1
2.29,29.98,10.03,3.79,7.65,13.71,2.486,0.085,1
2.33,29.67,10.03,3.79,7.65,12.65,2.486,0.085,1
2.47,29.69,10.04,3.79,7.65,12.18,2.486,0.085,1
2.52,29.58,10.04,3.66,7.65,12.28,2.548,0.082,1
2.69,29.79,10.05,3.66,7.65,12.47,2.548,0.082,1
2.81,29.92,10,3.66,7.65,0,2.548,0.082,1
2.9,30.06,9.98,3.66,7.65,0,2.548,0.082,1
2.95,30.16,9.95,3.66,7.65,11.88,2.548,0.082,1
3,30.17,9.93,3.66,7.64,11.76,2.548,0.082,1
2.95,30,9.87,3.66,7.64,11.9,2.548,0.082,1
2.97,29.88,9.89,3.66,7.64,12.04,2.548,0.082,1
2.98,29.86,9.88,3.66,7.63,12.17,2.548,0.082,1
2.97,29.72,9.89,3.66,7.62,12.45,2.548,0.082,1
2.96,29.53,9.86,3.66,7.62,12.36,2.548,0.082,1
2.98,29.31,9.87,3.66,7.62,11.95,2.548,0.082,1
3.06,29.17,9.83,3.32,7.61,12.44,2.108,0.074,1
3,28.95,9.82,3.32,7.61,12.3,2.108,0.074,1
3.09,29.25,9.84,3.32,7.62,13.02,2.108,0.074,1
3.24,29.06,9.84,3.32,7.62,12.91,2.108,0.074,1
3.21,29.66,9.9,3.32,7.64,14.68,2.108,0.074,1
3.13,29.75,9.89,3.32,7.64,14.4,2.108,0.074,1
3.16,29.66,9.87,3.32,7.63,12.14,2.108,0.074,1
3.09,29.54,9.84,3.32,7.63,11.78,2.108,0.074,1
3.03,29.38,9.85,3.32,7.63,11.6,2.108,0.074,1
2.98,29.37,9.85,3.32,7.64,11.51,2.108,0.074,1
2.97,29.35,9.86,3.32,7.64,11.52,2.108,0.074,1
2.98,29.35,9.87,3.32,7.64,11.52,2.108,0.074,1
2.76,29.39,9.9,2.61,7.65,11.63,1.106,0.059,1
2.6,29.44,9.89,2.61,7.65,11.64,1.106,0.059,1
2.5,29.48,9.89,2.61,7.66,11.63,1.106,0.059,1
2.52,29.49,9.87,2.61,7.66,11.65,1.106,0.059,1
2.68,29.55,9.88,2.61,7.67,11.64,1.106,0.059,1
2.72,29.59,9.92,2.61,7.68,11.76,1.106,0.059,1
2.87,29.69,9.94,2.61,7.68,11.77,1.106,0.059,1
2.73,29.76,9.98,2.61,7.69,11.7,1.106,0.059,1
2.64,29.82,9.97,2.61,7.7,11.71,1.106,0.059,1
2.68,29.86,9.99,2.61,7.7,11.67,1.106,0.059,1
2.64,29.9,9.98,2.61,7.72,11.72,1.106,0.059,1
2.68,29.98,10.01,2.61,7.73,11.68,1.106,0.059,1
2.81,30.21,10.05,3.02,7.75,11.52,1.038,0.058,1
2.88,30.55,10.07,3.02,7.77,11.48,1.038,0.058,1
3.18,30.98,10.2,3.02,7.8,11.48,1.038,0.058,1
3.7,32.12,10.31,3.02,7.82,10.9,1.038,0.058,1
3.81,32.16,10.29,3.02,7.81,11.07,1.038,0.058,1
3.73,32.14,10.28,3.02,7.81,11.18,1.038,0.058,1
3.7,32.12,10.28,3.02,7.81,11.15,1.038,0.058,1
3.53,32.09,10.29,3.02,7.81,11.15,1.038,0.058,1
3.45,32.08,10.3,3.02,7.81,11.16,1.038,0.058,1
3.36,32.08,10.3,3.02,7.81,11.27,1.038,0.058,1
3.37,32.1,10.3,3.02,7.81,11.57,1.038,0.058,1
3.45,32.12,10.31,3.02,7.81,11.6,1.038,0.058,1
3.25,32.14,10.3,2.93,7.81,12.25,0.909,0.058,1
3.09,32.15,10.29,2.93,7.82,12.17,0.909,0.058,1
3.02,32.15,10.29,2.93,7.82,11.75,0.909,0.058,1
3.15,32.14,10.3,2.93,7.82,12.34,0.909,0.058,1
3.12,32.15,10.29,2.93,7.81,13.15,0.909,0.058,1
2.91,32.13,10.29,2.93,7.81,14.05,0.909,0.058,1
2.74,32.11,10.29,2.93,7.82,13.88,0.909,0.058,1
2.75,32.08,10.29,2.93,7.82,14.92,0.909,0.058,1
2.84,32.07,10.3,2.93,7.82,13.55,0.909,0.058,1
2.89,32.07,10.32,2.93,7.82,13.59,0.909,0.058,1
3,32.1,10.32,2.93,7.82,12.5,0.909,0.058,1
2.98,32.1,10.32,2.93,7.82,12.02,0.909,0.058,1
2.97,32.12,10.31,2.97,7.82,12.2,0.905,0.06,1
2.88,32.12,10.3,2.97,7.83,11.91,0.905,0.06,1
3.02,32.15,10.31,2.97,7.83,12.21,0.905,0.06,1
3.24,32.19,10.33,2.97,7.83,12.36,0.905,0.06,1
3.28,32.28,10.35,2.97,7.83,11.74,0.905,0.06,1
3.14,32.31,10.35,2.97,7.83,11.79,0.905,0.06,1
3.02,32.33,10.36,2.97,7.83,11.54,0.905,0.06,1
2.77,32.32,10.35,2.97,7.83,11.04,0.905,0.06,1
2.73,32.31,10.34,2.97,7.84,11.11,0.905,0.06,1
2.94,32.3,10.34,2.97,7.84,11.34,0.905,0.06,1
3.2,32.32,10.37,2.97,7.83,11.52,0.905,0.06,1
3.03,32.33,10.35,2.97,7.83,11.6,0.905,0.06,1
2.83,32.33,10.34,3.56,7.83,11.52,0.879,0.062,1
2.64,32.31,10.34,3.56,7.83,11.51,0.879,0.062,1
2.75,32.31,10.36,3.56,7.83,11.38,0.879,0.062,1
2.81,32.33,10.39,3.56,7.83,11.26,0.879,0.062,1
2.7,32.33,10.38,3.56,7.83,11.5,0.879,0.062,1
2.59,32.32,10.37,3.56,7.83,11.63,0.879,0.062,1
2.59,32.31,10.37,3.56,7.83,11.66,0.879,0.062,1
2.63,32.28,10.38,3.56,7.83,11.63,0.879,0.062,1
2.8,32.27,10.38,3.56,7.82,11.6,0.879,0.062,1
2.63,32.28,10.36,3.56,7.82,11.7,0.879,0.062,1
2.34,32.26,10.36,3.56,7.82,11.75,0.879,0.062,1
2.19,32.24,10.35,3.56,7.82,11.89,0.879,0.062,1
2.24,32.25,10.35,3.6,7.82,11.96,0.9,0.064,1
2.18,32.25,10.33,3.6,7.82,12.11,0.9,0.064,1
2.03,32.24,10.33,3.6,7.82,11.93,0.9,0.064,1
1.92,32.23,10.32,3.6,7.82,12.18,0.9,0.064,1
2.02,32.23,10.32,3.6,7.82,12.15,0.9,0.064,1
2.07,32.23,10.31,3.6,7.82,12.12,0.9,0.064,1
1.99,32.23,10.31,3.6,7.82,12.24,0.9,0.064,1
2.02,32.22,10.3,3.6,7.81,12.28,0.9,0.064,1
1.92,32.21,10.3,3.6,7.81,12.27,0.9,0.064,1
1.91,32.19,10.3,3.6,7.81,12.28,0.9,0.064,1
1.94,32.18,10.29,3.6,7.81,12.3,0.9,0.064,1
1.83,32.17,10.28,3.6,7.81,12.39,0.9,0.064,1
1.78,32.15,10.28,3.68,7.8,12.53,1.196,0.067,1
1.73,32.17,10.26,3.68,7.8,13,1.196,0.067,1
1.71,32.08,10.25,3.68,7.8,12.43,1.196,0.067,1
1.82,32.08,10.25,3.68,7.8,12.6,1.196,0.067,1
1.84,32.1,10.24,3.68,7.8,12.84,1.196,0.067,1
1.86,32.07,10.23,3.68,7.79,12.85,1.196,0.067,1
1.9,32.04,10.22,3.68,7.79,12.92,1.196,0.067,1
1.67,32.02,10.22,3.68,7.79,12.73,1.196,0.067,1
1.55,32.02,10.2,3.68,7.79,12.81,1.196,0.067,1
1.54,31.97,10.19,3.68,7.79,12.75,1.196,0.067,1
1.59,31.96,10.2,3.68,7.78,12.79,1.196,0.067,1
1.53,31.95,10.19,3.68,7.78,12.8,1.196,0.067,1
1.37,31.94,10.17,3.43,7.78,12.73,1.196,0.074,1
1.41,31.86,10.15,3.43,7.77,12.65,1.196,0.074,1
1.46,31.76,10.13,3.43,7.77,12.54,1.196,0.074,1
1.37,31.71,10.13,3.43,7.76,12.65,1.196,0.074,1
1.13,31.64,10.09,3.43,7.76,12.8,1.196,0.074,1
1.07,31.51,10.07,3.43,7.76,12.88,1.196,0.074,1
1.23,31.58,10.07,3.43,7.76,13.02,1.196,0.074,1
1.31,31.6,10.07,3.43,7.76,13.14,1.196,0.074,1
1.35,31.67,10.07,3.43,7.76,13.15,1.196,0.074,1
1.32,31.67,10.08,3.43,7.76,13.05,1.196,0.074,1
1.37,31.71,10.09,3.43,7.76,13.14,1.196,0.074,1
1.32,31.74,10.09,3.43,7.76,13.21,1.196,0.074,1
1.32,31.72,10.07,3.59,7.76,13.16,1.196,0.08,1
1.28,31.7,10.05,3.59,7.75,13.29,1.196,0.08,1
1.22,31.62,10.02,3.59,7.75,13.3,1.196,0.08,1
1.11,31.38,9.97,3.59,7.74,12.97,1.196,0.08,1
1.03,31.26,9.95,3.59,7.73,12.98,1.196,0.08,1
0.94,31.07,9.93,3.59,7.73,12.78,1.196,0.08,1
0.9,30.92,9.92,3.59,7.72,12.68,1.196,0.08,1
0.87,30.78,9.92,3.59,7.72,12.4,1.196,0.08,1
0.93,30.78,9.94,3.59,7.72,12.43,1.196,0.08,1
0.81,30.98,9.98,3.59,7.73,12.6,1.196,0.08,1
0.65,31.29,9.98,3.59,7.74,12.83,1.196,0.08,1
0.66,31.3,9.97,3.59,7.73,12.95,1.196,0.08,1
0.53,31.06,9.93,3.64,7.73,12.76,1.441,0.081,1
0.52,30.84,9.89,3.64,7.72,12.66,1.441,0.081,1
0.58,30.72,9.89,3.64,7.72,12.41,1.441,0.081,1
0.61,30.78,9.9,3.64,7.72,12.43,1.441,0.081,1
0.68,31.02,9.93,3.64,7.72,12.86,1.441,0.081,1
0.55,31.13,9.92,3.64,7.72,13.36,1.441,0.081,1
0.42,30.98,9.88,3.64,7.71,13.32,1.441,0.081,1
0.47,30.94,9.88,3.64,7.71,13.48,1.441,0.081,1
0.45,30.74,9.84,3.64,7.7,12.99,1.441,0.081,1
0.32,30.58,9.82,3.64,7.7,12.39,1.441,0.081,1
0.16,30.49,9.81,3.64,7.69,12.16,1.441,0.081,1
0.09,30.32,9.8,3.64,7.69,11.96,1.441,0.081,1
0.05,30.03,9.8,3.88,7.68,11.63,1.611,0.082,1
0.14,29.92,9.8,3.88,7.68,11.5,1.611,0.082,1
0.12,29.94,9.79,3.88,7.68,11.54,1.611,0.082,1
0.13,30.14,9.78,3.88,7.69,11.77,1.611,0.082,1
0.04,30.32,9.75,3.88,7.69,11.61,1.611,0.082,1
0.02,30.39,9.75,3.88,7.69,11.59,1.611,0.082,1
-0.01,30.4,9.74,3.88,7.69,11.63,1.611,0.082,1
0,30.23,9.73,3.88,7.69,11.47,1.611,0.082,1
0.11,30.27,9.74,3.88,7.69,11.63,1.611,0.082,1
-0.03,30.26,9.73,3.88,7.69,11.66,1.611,0.082,1
-0.18,30.18,9.71,3.88,7.68,11.64,1.611,0.082,1
-0.17,30.08,9.7,3.88,7.68,11.69,1.611,0.082,1
-0.1,30.02,9.71,3.66,7.68,11.6,1.148,0.067,1
-0.15,29.98,9.71,3.66,7.68,11.5,1.148,0.067,1
-0.32,29.95,9.7,3.66,7.67,11.65,1.148,0.067,1
-0.48,29.91,9.68,3.66,7.67,11.75,1.148,0.067,1
-0.61,29.8,9.67,3.66,7.67,11.82,1.148,0.067,1
-0.61,29.77,9.66,3.66,7.67,11.88,1.148,0.067,1
-0.61,29.65,9.66,3.66,7.67,11.95,1.148,0.067,1
-0.5,29.62,9.65,3.66,7.67,11.96,1.148,0.067,1
-0.47,29.59,9.65,3.66,7.67,11.98,1.148,0.067,1
-0.59,29.56,9.64,3.66,7.67,11.91,1.148,0.067,1
-0.58,29.55,9.64,3.66,7.67,12,1.148,0.067,1
-0.55,29.51,9.65,3.66,7.67,11.98,1.148,0.067,1
-0.61,29.47,9.65,3.07,7.68,11.84,0.585,0.053,1
-0.6,29.45,9.68,3.07,7.68,11.82,0.585,0.053,1
-0.42,29.45,9.69,3.07,7.69,11.84,0.585,0.053,1
-0.06,29.57,9.7,3.07,7.69,11.9,0.585,0.053,1
0.13,29.68,9.73,3.07,7.7,11.94,0.585,0.053,1
0.26,29.82,9.74,3.07,7.7,12.07,0.585,0.053,1
0.18,29.89,9.77,3.07,7.71,12.09,0.585,0.053,1
-0.02,30.03,9.79,3.07,7.72,12.21,0.585,0.053,1
-0.05,30.13,9.8,3.07,7.73,12.18,0.585,0.053,1
-0.1,30.3,9.81,3.07,7.74,12.22,0.585,0.053,1
-0.1,30.59,9.82,3.07,7.75,12.03,0.585,0.053,1
-0.04,30.72,9.84,3.07,7.76,12.01,0.585,0.053,1
0.11,30.82,9.87,3,7.77,11.83,0.658,0.056,1
0.4,30.97,9.96,3,7.81,11.84,0.658,0.056,1
1,31.88,10.12,3,7.84,11.85,0.658,0.056,1
1.04,32.35,10.13,3,7.84,11.9,0.658,0.056,1
1.08,32.34,10.14,3,7.84,11.93,0.658,0.056,1
1.17,32.33,10.15,3,7.84,11.94,0.658,0.056,1
1.18,32.32,10.17,3,7.84,12.11,0.658,0.056,1
1.26,32.22,10.17,3,7.84,11.44,0.658,0.056,1
1.38,32.26,10.19,3,7.84,11.81,0.658,0.056,1
1.48,32.34,10.22,3,7.84,0,0.658,0.056,1
1.43,32.34,10.2,3,7.84,0,0.658,0.056,1
1.51,32.33,10.2,3,7.84,11.6,0.658,0.056,1
1.58,32.32,10.21,3.07,7.84,11.36,0.592,0.055,1
1.64,32.35,10.19,3.07,7.84,11.63,0.592,0.055,1
1.59,32.35,10.2,3.07,7.84,11.89,0.592,0.055,1
1.44,32.3,10.17,3.07,7.84,11.32,0.592,0.055,1
1.38,32.3,10.18,3.07,7.84,11.44,0.592,0.055,1
1.3,32.28,10.17,3.07,7.84,11.48,0.592,0.055,1
1.26,32.27,10.19,3.07,7.84,11.6,0.592,0.055,1
1.27,32.24,10.19,3.07,7.85,11.49,0.592,0.055,1
1.58,32.23,10.2,3.07,7.85,11.73,0.592,0.055,1
1.91,32.23,10.21,3.07,7.84,11.87,0.592,0.055,1
2.09,32.27,10.22,3.07,7.84,11.94,0.592,0.055,1
2.06,32.35,10.22,3.07,7.84,12.4,0.592,0.055,1
1.8,32.37,10.2,2.61,7.84,12.49,0.784,0.056,1
1.73,32.34,10.21,2.61,7.85,12.18,0.784,0.056,1
1.66,32.34,10.21,2.61,7.84,12.41,0.784,0.056,1
1.63,32.34,10.22,2.61,7.85,12.62,0.784,0.056,1
1.83,32.32,10.22,2.61,7.85,12.3,0.784,0.056,1
2.01,32.34,10.23,2.61,7.85,12.6,0.784,0.056,1
2.05,32.34,10.24,2.61,7.85,12.57,0.784,0.056,1
2.22,32.35,10.25,2.61,7.85,12.58,0.784,0.056,1
2.24,32.37,10.26,2.61,7.85,13.07,0.784,0.056,1
2.27,32.37,10.28,2.61,7.85,13.03,0.784,0.056,1
2.4,32.43,10.3,2.61,7.85,13.93,0.784,0.056,1
2.39,32.45,10.3,2.61,7.85,14.46,0.784,0.056,1
2.38,32.46,10.3,2.83,7.85,14.93,0.78,0.06,1
2.33,32.44,10.3,2.83,7.85,13.53,0.78,0.06,1
2.4,32.43,10.31,2.83,7.85,12.52,0.78,0.06,1
2.42,32.42,10.32,2.83,7.85,12.65,0.78,0.06,1
2.43,32.41,10.33,2.83,7.85,12.21,0.78,0.06,1
2.56,32.43,10.32,2.83,7.85,12.54,0.78,0.06,1
2.58,32.42,10.32,2.83,7.85,12.52,0.78,0.06,1
2.56,32.43,10.31,2.83,7.85,12.72,0.78,0.06,1
2.52,32.41,10.3,2.83,7.85,12.8,0.78,0.06,1
2.56,32.4,10.32,2.83,7.85,12.91,0.78,0.06,1
2.54,32.4,10.32,2.83,7.85,13.01,0.78,0.06,1
2.75,32.41,10.35,2.83,7.85,13.27,0.78,0.06,1
2.73,32.44,10.36,2.91,7.85,13.54,0.819,0.065,1
2.72,32.44,10.36,2.91,7.85,13.98,0.819,0.065,1
2.66,32.45,10.35,2.91,7.85,13.63,0.819,0.065,1
2.75,32.45,10.35,2.91,7.85,13.93,0.819,0.065,1
2.8,32.45,10.35,2.91,7.85,14.06,0.819,0.065,1
2.87,32.45,10.37,2.91,7.85,14.18,0.819,0.065,1
2.92,32.45,10.37,2.91,7.85,14.45,0.819,0.065,1
2.93,32.45,10.37,2.91,7.85,14.51,0.819,0.065,1
2.87,32.46,10.37,2.91,7.85,14.75,0.819,0.065,1
2.82,32.45,10.37,2.91,7.85,14.88,0.819,0.065,1
2.83,32.45,10.38,2.91,7.85,15.01,0.819,0.065,1
2.91,32.44,10.38,2.91,7.85,15.16,0.819,0.065,1
2.98,32.44,10.37,2.94,7.84,15.2,1.015,0.072,1
2.91,32.44,10.37,2.94,7.84,15.51,1.015,0.072,1
2.95,32.42,10.36,2.94,7.84,15.71,1.015,0.072,1
2.96,32.42,10.36,2.94,7.84,15.94,1.015,0.072,1
2.86,32.41,10.35,2.94,7.84,16.19,1.015,0.072,1
2.66,32.37,10.34,2.94,7.84,16,1.015,0.072,1
2.75,32.35,10.33,2.94,7.83,16.09,1.015,0.072,1
2.85,32.34,10.34,2.94,7.83,16.17,1.015,0.072,1
2.97,32.34,10.33,2.94,7.83,16.52,1.015,0.072,1
2.99,32.33,10.33,2.94,7.83,16.8,1.015,0.072,1
3.03,32.31,10.32,2.94,7.82,16.79,1.015,0.072,1
3.02,32.26,10.29,2.94,7.82,16.66,1.015,0.072,1
2.99,32.23,10.29,3.17,7.82,16.67,1.398,0.08,1
3.01,32.21,10.28,3.17,7.81,16.85,1.398,0.08,1
2.97,32.19,10.27,3.17,7.81,17.04,1.398,0.08,1
2.94,32.18,10.26,3.17,7.81,17.29,1.398,0.08,1
2.94,32.17,10.27,3.17,7.81,17.54,1.398,0.08,1
2.97,32.12,10.27,3.17,7.8,17.28,1.398,0.08,1
3.04,32.18,10.28,3.17,7.8,18.65,1.398,0.08,1
2.94,32.06,10.25,3.17,7.79,16.99,1.398,0.08,1
2.96,32.03,10.23,3.17,7.79,16.82,1.398,0.08,1
2.85,31.99,10.2,3.17,7.79,16.19,1.398,0.08,1
2.76,32,10.19,3.17,7.78,16.22,1.398,0.08,1
2.77,32,10.2,3.17,7.78,16.43,1.398,0.08,1
2.76,32.06,10.21,3.29,7.78,17.69,1.668,0.086,1
2.83,31.97,10.17,3.29,7.77,16.91,1.668,0.086,1
2.84,31.84,10.15,3.29,7.76,16.37,1.668,0.086,1
2.77,31.77,10.13,3.29,7.75,15.9,1.668,0.086,1
2.64,31.68,10.1,3.29,7.75,15.52,1.668,0.086,1
2.51,31.55,10.09,3.29,7.74,15.31,1.668,0.086,1
2.35,31.38,10.07,3.29,7.73,15.13,1.668,0.086,1
2.3,31.3,10.06,3.29,7.73,15.03,1.668,0.086,1
2.27,31.31,10.06,3.29,7.73,15.32,1.668,0.086,1
2.26,31.26,10.06,3.29,7.73,15.39,1.668,0.086,1
2.25,31.18,10.04,3.29,7.72,15.48,1.668,0.086,1
2.31,31.16,10.03,3.29,7.72,15.51,1.668,0.086,1
2.48,31.3,10.03,3.4,7.72,15.85,2.055,0.088,1
2.45,31.37,10.02,3.4,7.72,15.89,2.055,0.088,1
2.43,31.32,10.02,3.4,7.72,15.6,2.055,0.088,1
2.47,31.3,10.01,3.4,7.71,15.68,2.055,0.088,1
2.5,31.28,10,3.4,7.7,15.94,2.055,0.088,1
2.47,31.16,9.97,3.4,7.7,16.08,2.055,0.088,1
2.39,31.01,9.93,3.4,7.69,16.3,2.055,0.088,1
2.36,30.82,9.9,3.4,7.68,15.99,2.055,0.088,1
2.57,30.74,9.9,3.4,7.68,16.42,2.055,0.088,1
2.59,30.71,9.91,3.4,7.67,17.04,2.055,0.088,1
2.65,30.65,9.91,3.4,7.67,16.99,2.055,0.088,1
2.82,30.62,9.9,3.4,7.67,17.16,2.055,0.088,1
2.93,30.53,9.88,3.33,7.66,16.64,2.353,0.091,1
3.08,30.38,9.86,3.33,7.65,15.42,2.353,0.091,1
3.18,30.35,9.87,3.33,7.65,15.2,2.353,0.091,1
3.35,30.38,9.88,3.33,7.64,15.2,2.353,0.091,1
3.37,30.26,9.86,3.33,7.64,15.09,2.353,0.091,1
3.52,30.17,9.84,3.33,7.63,15.11,2.353,0.091,1
3.67,30.17,9.83,3.33,7.63,14.81,2.353,0.091,1
3.75,30.04,9.78,3.33,7.62,15.27,2.353,0.091,1
3.79,29.93,9.74,3.33,7.61,15.8,2.353,0.091,1
3.8,29.92,9.75,3.33,7.61,0,2.353,0.091,1
3.74,29.98,9.74,3.33,7.61,0,2.353,0.091,1
3.75,29.92,9.72,3.33,7.61,0,2.353,0.091,1
3.77,29.82,9.66,3.34,7.6,0,2.121,0.086,1
3.74,29.81,9.62,3.34,7.6,14.38,2.121,0.086,1
3.91,29.8,9.59,3.34,7.6,14.03,2.121,0.086,1
3.97,29.81,9.55,3.34,7.59,13.4,2.121,0.086,1
4.07,29.77,9.52,3.34,7.58,13.24,2.121,0.086,1
3.94,29.69,9.49,3.34,7.58,13.24,2.121,0.086,1
3.94,29.37,9.48,3.34,7.57,13.23,2.121,0.086,1
3.97,28.99,9.46,3.34,7.56,13.32,2.121,0.086,1
4,28.81,9.46,3.34,7.56,13,2.121,0.086,1
4.02,28.76,9.44,3.34,7.56,12.94,2.121,0.086,1
4.16,28.78,9.41,3.34,7.56,13.24,2.121,0.086,1
4.22,28.95,9.38,3.34,7.57,13.05,2.121,0.086,1
4.28,29.2,9.37,2.88,7.58,12.99,1.771,0.072,1
4.43,29.34,9.38,2.88,7.58,12.96,1.771,0.072,1
4.33,29.42,9.37,2.88,7.58,13.29,1.771,0.072,1
4.3,29.47,9.36,2.88,7.58,13.6,1.771,0.072,1
4.28,29.43,9.34,2.88,7.58,14.01,1.771,0.072,1
4.15,29.19,9.31,2.88,7.57,14.17,1.771,0.072,1
4.18,29.01,9.3,2.88,7.57,14.22,1.771,0.072,1
4.1,29.03,9.3,2.88,7.58,14.09,1.771,0.072,1
4.1,29.1,9.32,2.88,7.59,14.11,1.771,0.072,1
4.11,29.17,9.32,2.88,7.59,14.01,1.771,0.072,1
4.04,29.21,9.34,2.88,7.6,13.99,1.771,0.072,1
4,29.28,9.38,2.88,7.61,13.61,1.771,0.072,1
3.94,29.34,9.43,2.13,7.61,13.5,0.992,0.055,0
3.9,29.41,9.44,2.13,7.62,13.61,0.992,0.055,0
3.93,29.44,9.44,2.13,7.63,13.53,0.992,0.055,0
3.98,29.42,9.44,2.13,7.63,13.33,0.992,0.055,0
3.99,29.45,9.45,2.13,7.64,13.3,0.992,0.055,0
4,29.53,9.46,2.13,7.65,13.13,0.992,0.055,0
4.09,29.6,9.49,2.13,7.66,13.04,0.992,0.055,0
4.18,29.67,9.53,2.13,7.67,12.93,0.992,0.055,0
4.11,29.75,9.56,2.13,7.69,12.94,0.992,0.055,0
4.03,29.91,9.63,2.13,7.71,12.63,0.992,0.055,0
4.07,30.1,9.67,2.13,7.72,12.53,0.992,0.055,0
4.17,30.25,9.74,2.13,7.74,12.63,0.992,0.055,0
4.26,30.45,9.85,2.07,7.77,12.6,1.028,0.054,0
4.7,31.22,10.09,2.07,7.81,11.84,1.028,0.054,0
4.79,32.24,10.2,2.07,7.82,10.01,1.028,0.054,0
4.51,32.24,10.18,2.07,7.82,10.11,1.028,0.054,0
4.33,32.23,10.18,2.07,7.83,10.18,1.028,0.054,0
4.28,32.23,10.17,2.07,7.83,10.66,1.028,0.054,0
4.39,32.2,10.18,2.07,7.82,11.12,1.028,0.054,0
4.41,32.19,10.19,2.07,7.82,11.12,1.028,0.054,0
4.39,32.19,10.19,2.07,7.82,10.92,1.028,0.054,0
4.32,32.18,10.2,2.07,7.82,10.6,1.028,0.054,0
4.25,32.16,10.2,2.07,7.82,10.43,1.028,0.054,0
4.2,32.16,10.21,2.07,7.82,10.4,1.028,0.054,0
4.04,32.17,10.2,2.34,7.82,10.42,0.967,0.054,0
3.98,32.17,10.2,2.34,7.83,10.4,0.967,0.054,0
4.02,32.16,10.2,2.34,7.83,10.28,0.967,0.054,0
4.13,32.17,10.19,2.34,7.82,10.51,0.967,0.054,0
4.17,32.16,10.2,2.34,7.83,10.55,0.967,0.054,0
4.23,32.17,10.2,2.34,7.82,10.67,0.967,0.054,0
4.2,32.17,10.2,2.34,7.82,10.84,0.967,0.054,0
4.15,32.18,10.19,2.34,7.82,11.09,0.967,0.054,0
3.94,32.18,10.19,2.34,7.83,11.03,0.967,0.054,0
3.88,32.17,10.17,2.34,7.83,11.13,0.967,0.054,0
3.87,32.18,10.18,2.34,7.83,11.29,0.967,0.054,0
3.78,32.18,10.18,2.34,7.83,11.64,0.967,0.054,0
3.76,32.18,10.18,2.38,7.83,11.71,0.959,0.056,0
3.74,32.2,10.19,2.38,7.83,12.18,0.959,0.056,0
3.73,32.22,10.21,2.38,7.83,12.29,0.959,0.056,0
3.65,32.27,10.21,2.38,7.83,11.2,0.959,0.056,0
3.55,32.26,10.2,2.38,7.83,11.21,0.959,0.056,0
3.54,32.24,10.2,2.38,7.83,11.68,0.959,0.056,0
3.69,32.25,10.2,2.38,7.83,11.48,0.959,0.056,0
3.71,32.27,10.2,2.38,7.83,11.26,0.959,0.056,0
3.61,32.28,10.2,2.38,7.83,11.45,0.959,0.056,0
3.62,32.29,10.22,2.38,7.83,11.03,0.959,0.056,0
3.66,32.3,10.22,2.38,7.83,10.91,0.959,0.056,0
3.51,32.3,10.22,2.38,7.83,10.96,0.959,0.056,0
3.4,32.29,10.2,2.77,7.83,11.12,0.978,0.058,1
3.28,32.27,10.21,2.77,7.83,11.09,0.978,0.058,1
3.28,32.27,10.2,2.77,7.83,11.21,0.978,0.058,1
3.11,32.26,10.19,2.77,7.83,11.32,0.978,0.058,1
2.86,32.21,10.17,2.77,7.83,11.36,0.978,0.058,1
2.91,32.19,10.18,2.77,7.83,11.44,0.978,0.058,1
3.01,32.2,10.19,2.77,7.83,11.53,0.978,0.058,1
3.22,32.22,10.2,2.77,7.83,11.69,0.978,0.058,1
3.24,32.27,10.2,2.77,7.83,11.94,0.978,0.058,1
3.04,32.29,10.19,2.77,7.83,11.9,0.978,0.058,1
2.87,32.27,10.19,2.77,7.83,12.12,0.978,0.058,1
2.76,32.27,10.18,2.77,7.83,12.37,0.978,0.058,1
2.78,32.25,10.18,2.59,7.83,12.37,1.138,0.06,1
2.82,32.25,10.17,2.59,7.83,12.35,1.138,0.06,1
2.83,32.24,10.16,2.59,7.83,12.34,1.138,0.06,1
2.96,32.21,10.15,2.59,7.82,12.23,1.138,0.06,1
2.94,32.2,10.14,2.59,7.82,12.27,1.138,0.06,1
2.91,32.19,10.14,2.59,7.82,12.37,1.138,0.06,1
2.99,32.18,10.14,2.59,7.82,12.56,1.138,0.06,1
2.73,32.16,10.13,2.59,7.82,12.59,1.138,0.06,1
2.8,32.17,10.16,2.59,7.82,12.9,1.138,0.06,1
2.98,32.3,10.2,2.59,7.82,14.21,1.138,0.06,1
3.03,32.27,10.18,2.59,7.82,14.07,1.138,0.06,1
2.88,32.18,10.13,2.59,7.81,13.62,1.138,0.06,1
2.79,32.08,10.11,2.7,7.81,13.05,1.297,0.062,1
2.72,32.07,10.11,2.7,7.81,13.05,1.297,0.062,1
2.71,32.08,10.1,2.7,7.81,13.22,1.297,0.062,1
2.73,32.07,10.1,2.7,7.81,13.42,1.297,0.062,1
2.86,32.07,10.1,2.7,7.8,13.56,1.297,0.062,1
2.89,32.09,10.09,2.7,7.8,13.57,1.297,0.062,1
2.82,32.09,10.1,2.7,7.8,13.62,1.297,0.062,1
2.73,32.07,10.07,2.7,7.8,13.68,1.297,0.062,1
2.72,32.04,10.07,2.7,7.79,13.59,1.297,0.062,1
2.68,32.03,10.06,2.7,7.79,13.57,1.297,0.062,1
2.6,32.01,10.06,2.7,7.79,13.43,1.297,0.062,1
2.62,31.99,10.04,2.7,7.79,13.44,1.297,0.062,1
2.58,31.97,10.03,2.87,7.78,13.5,1.277,0.067,1
2.52,31.96,10.02,2.87,7.78,13.51,1.277,0.067,1
2.41,31.97,10.02,2.87,7.78,13.75,1.277,0.067,1
2.5,31.98,10.01,2.87,7.78,13.85,1.277,0.067,1
2.43,31.94,9.99,2.87,7.77,14.07,1.277,0.067,1
2.39,31.86,9.96,2.87,7.77,13.93,1.277,0.067,1
2.31,31.8,9.94,2.87,7.77,13.92,1.277,0.067,1
2.24,31.71,9.91,2.87,7.76,13.85,1.277,0.067,1
2.11,31.7,9.91,2.87,7.76,13.92,1.277,0.067,1
2.1,31.78,9.92,2.87,7.77,14.22,1.277,0.067,1
2.11,31.79,9.91,2.87,7.76,13.93,1.277,0.067,1
2.2,31.77,9.9,2.87,7.76,13.85,1.277,0.067,1
2.41,31.79,9.92,2.96,7.76,14.08,1.277,0.071,1
2.59,31.79,9.91,2.96,7.75,14.31,1.277,0.071,1
2.7,31.75,9.9,2.96,7.75,14.2,1.277,0.071,1
2.69,31.71,9.88,2.96,7.74,14.4,1.277,0.071,1
2.64,31.59,9.84,2.96,7.73,14.32,1.277,0.071,1
2.56,31.45,9.77,2.96,7.72,14.29,1.277,0.071,1
2.56,31.34,9.76,2.96,7.72,14.33,1.277,0.071,1
2.52,31.37,9.77,2.96,7.71,14.21,1.277,0.071,1
2.4,31.24,9.72,2.96,7.7,14.31,1.277,0.071,1
2.28,31.16,9.72,2.96,7.7,14.31,1.277,0.071,1
2.37,31.05,9.67,2.96,7.69,14.21,1.277,0.071,1
2.27,31,9.66,2.96,7.69,14.29,1.277,0.071,1
2.21,30.94,9.65,2.95,7.69,14.06,1.277,0.068,1
2.21,30.92,9.64,2.95,7.68,13.87,1.277,0.068,1
2.22,30.83,9.62,2.95,7.68,13.96,1.277,0.068,1
2.18,30.77,9.58,2.95,7.67,14.04,1.277,0.068,1
2.17,30.75,9.57,2.95,7.67,14.22,1.277,0.068,1
2.24,30.68,9.52,2.95,7.66,14.69,1.277,0.068,1
2.26,30.55,9.47,2.95,7.65,14.65,1.277,0.068,1
2.11,30.3,9.42,2.95,7.64,13.8,1.277,0.068,1
2.01,30.2,9.4,2.95,7.64,13.14,1.277,0.068,1
1.82,30.1,9.37,2.95,7.64,12.8,1.277,0.068,1
1.74,29.97,9.35,2.95,7.64,12.14,1.277,0.068,1
1.75,30,9.33,2.95,7.64,12.1,1.277,0.068,1
1.79,30.13,9.33,2.93,7.65,13.01,1.185,0.069,1
1.93,30.2,9.35,2.93,7.65,12.76,1.185,0.069,1
2.06,30.33,9.35,2.93,7.65,12.76,1.185,0.069,1
2.2,30.4,9.36,2.93,7.65,13.15,1.185,0.069,1
2.17,30.41,9.37,2.93,7.64,13.66,1.185,0.069,1
1.95,30.18,9.31,2.93,7.63,13.8,1.185,0.069,1
1.72,29.84,9.27,2.93,7.63,11.81,1.185,0.069,1
1.55,29.71,9.27,2.93,7.63,11.63,1.185,0.069,1
1.62,29.75,9.25,2.93,7.63,11.68,1.185,0.069,1
1.72,29.83,9.25,2.93,7.63,12.08,1.185,0.069,1
1.73,29.88,9.25,2.93,7.64,12.23,1.185,0.069,1
1.77,30,9.25,2.93,7.64,12.08,1.185,0.069,1
1.72,29.95,9.23,1.88,7.63,12.03,0.271,0.053,0
1.69,29.87,9.21,1.88,7.64,11.39,0.271,0.053,0
1.71,29.87,9.18,1.88,7.63,11.67,0.271,0.053,0
1.68,29.88,9.2,1.88,7.64,12.03,0.271,0.053,0
1.69,29.87,9.22,1.88,7.64,12.04,0.271,0.053,0
1.62,29.84,9.2,1.88,7.64,12.11,0.271,0.053,0
1.54,29.53,9.16,1.88,7.64,12.12,0.271,0.053,0
1.6,29.49,9.17,1.88,7.64,12.2,0.271,0.053,0
1.67,29.51,9.18,1.88,7.65,12.24,0.271,0.053,0
1.76,29.56,9.19,1.88,7.65,12.28,0.271,0.053,0
1.74,29.62,9.21,1.88,7.66,12.57,0.271,0.053,0
1.71,29.7,9.26,1.88,7.67,12.73,0.271,0.053,0
1.74,29.81,9.3,2.07,7.68,12.71,0.325,0.056,0
1.71,29.9,9.32,2.07,7.7,12.72,0.325,0.056,0
1.8,30.08,9.37,2.07,7.71,12.61,0.325,0.056,0
1.8,30.17,9.4,2.07,7.72,12.81,0.325,0.056,0
1.78,30.33,9.45,2.07,7.74,12.86,0.325,0.056,0
1.79,30.48,9.52,2.07,7.76,12.69,0.325,0.056,0
1.94,30.87,9.62,2.07,7.79,12.97,0.325,0.056,0
2.2,31.19,9.8,2.07,7.81,12.36,0.325,0.056,0
2.54,32.26,10.08,2.07,7.84,10.02,0.325,0.056,0
2.52,32.41,10.08,2.07,7.84,9.78,0.325,0.056,0
2.43,32.39,10.07,2.07,7.84,9.88,0.325,0.056,0
2.41,32.36,10.07,2.07,7.84,9.91,0.325,0.056,0
2.45,32.35,10.07,2.24,7.84,9.9,0.526,0.057,0
2.5,32.33,10.07,2.24,7.84,9.96,0.526,0.057,0
2.58,32.34,10.1,2.24,7.84,10.07,0.526,0.057,0
2.65,32.34,10.11,2.24,7.84,10.23,0.526,0.057,0
2.76,32.35,10.12,2.24,7.84,10.31,0.526,0.057,0
2.77,32.34,10.12,2.24,7.84,10.4,0.526,0.057,0
2.96,32.32,10.1,2.24,7.85,10.4,0.526,0.057,0
3.21,32.35,10.11,2.24,7.85,10.43,0.526,0.057,0
3.37,32.37,10.12,2.24,7.85,10.63,0.526,0.057,0
3.48,32.37,10.14,2.24,7.85,10.83,0.526,0.057,0
3.46,32.35,10.13,2.24,7.84,11.04,0.526,0.057,0
3.53,32.31,10.11,2.24,7.84,11.11,0.526,0.057,0
3.59,32.29,10.11,2.05,7.84,10.86,0.596,0.058,0
3.62,32.28,10.12,2.05,7.84,10.68,0.596,0.058,0
3.62,32.28,10.13,2.05,7.84,10.96,0.596,0.058,0
3.66,32.28,10.15,2.05,7.84,11.11,0.596,0.058,0
3.7,32.27,10.14,2.05,7.84,11.3,0.596,0.058,0
3.71,32.25,10.14,2.05,7.84,11.28,0.596,0.058,0
3.77,32.24,10.13,2.05,7.84,11.38,0.596,0.058,0
3.8,32.23,10.13,2.05,7.84,11.58,0.596,0.058,0
3.85,32.22,10.14,2.05,7.84,11.63,0.596,0.058,0
3.96,32.24,10.15,2.05,7.84,11.85,0.596,0.058,0
3.92,32.25,10.15,2.05,7.84,11.95,0.596,0.058,0
3.92,32.25,10.16,2.05,7.85,12.05,0.596,0.058,0
4.04,32.24,10.16,1.93,7.85,11.98,0.584,0.059,0
4.15,32.25,10.16,1.93,7.84,12.07,0.584,0.059,0
4.13,32.26,10.16,1.93,7.85,11.94,0.584,0.059,0
4.13,32.28,10.18,1.93,7.85,12.36,0.584,0.059,0
4.18,32.31,10.19,1.93,7.85,12.1,0.584,0.059,0
4.23,32.32,10.2,1.93,7.85,11.79,0.584,0.059,0
4.36,32.38,10.23,1.93,7.86,12.01,0.584,0.059,0
4.5,32.45,10.25,1.93,7.86,13.7,0.584,0.059,0
4.57,32.47,10.27,1.93,7.86,14.76,0.584,0.059,0
4.55,32.47,10.27,1.93,7.85,14.27,0.584,0.059,0
4.51,32.45,10.26,1.93,7.85,13.99,0.584,0.059,0
4.47,32.4,10.24,1.93,7.85,12.17,0.584,0.059,0
4.6,32.35,10.24,2.37,7.85,11.45,0.621,0.064,0
4.64,32.34,10.24,2.37,7.85,11.62,0.621,0.064,0
4.66,32.34,10.24,2.37,7.84,11.74,0.621,0.064,0
4.69,32.34,10.23,2.37,7.84,11.96,0.621,0.064,0
4.71,32.34,10.23,2.37,7.84,12.19,0.621,0.064,0
4.79,32.31,10.23,2.37,7.84,12.03,0.621,0.064,0
4.86,32.3,10.23,2.37,7.84,12.27,0.621,0.064,0
4.9,32.27,10.23,2.37,7.84,12.35,0.621,0.064,0
4.96,32.25,10.22,2.37,7.84,12.56,0.621,0.064,0
4.98,32.29,10.24,2.37,7.84,12.77,0.621,0.064,0
4.97,32.29,10.24,2.37,7.84,13,0.621,0.064,0
4.96,32.32,10.28,2.37,7.84,13.1,0.621,0.064,0
4.94,32.39,10.28,2.45,7.85,13.24,0.704,0.065,0
4.98,32.38,10.27,2.45,7.84,13.33,0.704,0.065,0
5,32.39,10.28,2.45,7.84,13.72,0.704,0.065,0
5.03,32.38,10.29,2.45,7.84,13.91,0.704,0.065,0
5.11,32.37,10.29,2.45,7.84,14.09,0.704,0.065,0
5.13,32.37,10.28,2.45,7.84,14.29,0.704,0.065,0
5.15,32.35,10.28,2.45,7.83,14.39,0.704,0.065,0
5.13,32.32,10.26,2.45,7.83,14.66,0.704,0.065,0
5.18,32.27,10.24,2.45,7.83,14.72,0.704,0.065,0
5.26,32.22,10.23,2.45,7.83,14.77,0.704,0.065,0
5.32,32.05,10.17,2.45,7.82,14.77,0.704,0.065,0
5.3,32.2,10.22,2.45,7.83,15.27,0.704,0.065,0
5.35,32.08,10.16,2.54,7.83,15.41,0.81,0.071,1
5.45,31.91,10.15,2.54,7.82,15.53,0.81,0.071,1
5.44,32.07,10.24,2.54,7.84,15.84,0.81,0.071,1
5.27,32.39,10.34,2.54,7.85,16.58,0.81,0.071,1
5.2,32.48,10.34,2.54,7.85,17.07,0.81,0.071,1
5.15,32.43,10.32,2.54,7.84,17.56,0.81,0.071,1
5.16,32.41,10.31,2.54,7.84,18.08,0.81,0.071,1
5.17,32.37,10.28,2.54,7.83,18.32,0.81,0.071,1
5.19,32.33,10.27,2.54,7.83,18.54,0.81,0.071,1
5.17,32.29,10.24,2.54,7.83,18.41,0.81,0.071,1
5.14,32.26,10.21,2.54,7.82,18.22,0.81,0.071,1
5.13,32.21,10.19,2.54,7.82,18.05,0.81,0.071,1
5.15,32.2,10.2,2.92,7.82,18.18,1.076,0.079,1
5.17,32.22,10.2,2.92,7.82,18.94,1.076,0.079,1
5.17,32.21,10.19,2.92,7.81,19.09,1.076,0.079,1
5.16,32.19,10.18,2.92,7.81,19.37,1.076,0.079,1
5.16,32.19,10.18,2.92,7.81,20.07,1.076,0.079,1
5.24,32.18,10.18,2.92,7.81,20.74,1.076,0.079,1
5.26,32.17,10.19,2.92,7.8,21.12,1.076,0.079,1
5.27,32.17,10.19,2.92,7.8,21.39,1.076,0.079,1
5.3,32.14,10.17,2.92,7.8,21.41,1.076,0.079,1
5.34,32.12,10.16,2.92,7.79,21.26,1.076,0.079,1
5.31,32.08,10.13,2.92,7.78,20.72,1.076,0.079,1
5.25,32.02,10.1,2.92,7.78,20.08,1.076,0.079,1
5.24,31.99,10.09,3.36,7.77,20.28,1.685,0.085,1
5.25,32.03,10.11,3.36,7.77,21.38,1.685,0.085,1
5.19,31.92,10.01,3.36,7.75,21.51,1.685,0.085,1
5.17,31.57,9.91,3.36,7.74,19.25,1.685,0.085,1
5.22,31.54,9.92,3.36,7.73,19.6,1.685,0.085,1
5.23,31.56,9.91,3.36,7.73,20.31,1.685,0.085,1
5.2,31.47,9.91,3.36,7.72,20.2,1.685,0.085,1
5.26,31.61,9.92,3.36,7.72,20.95,1.685,0.085,1
5.28,31.48,9.87,3.36,7.71,20.17,1.685,0.085,1
5.29,31.45,9.85,3.36,7.7,19.91,1.685,0.085,1
5.36,31.35,9.82,3.36,7.7,20.09,1.685,0.085,1
5.44,31.27,9.78,3.36,7.69,20.82,1.685,0.085,1
5.56,31.16,9.74,3.42,7.68,21.01,2.011,0.088,1
5.79,31.06,9.72,3.42,7.67,20.62,2.011,0.088,1
5.99,31.11,9.71,3.42,7.66,21.74,2.011,0.088,1
6.07,30.8,9.62,3.42,7.65,21.37,2.011,0.088,1
6.14,30.9,9.65,3.42,7.64,21.54,2.011,0.088,1
6.17,30.84,9.61,3.42,7.63,21.32,2.011,0.088,1
6.25,30.64,9.54,3.42,7.62,20.34,2.011,0.088,1
6.36,30.49,9.43,3.42,7.6,20.72,2.011,0.088,1
6.46,30,9.24,3.42,7.58,19.45,2.011,0.088,1
6.65,30.02,9.25,3.42,7.58,20.11,2.011,0.088,1
6.79,30.02,9.27,3.42,7.58,20.56,2.011,0.088,1
6.84,30.04,9.31,3.42,7.57,20.87,2.011,0.088,1
6.91,29.95,9.26,3.06,7.56,21.38,2.228,0.086,1
6.93,29.76,9.22,3.06,7.56,21.05,2.228,0.086,1
6.96,29.89,9.32,3.06,7.56,20.55,2.228,0.086,1
6.97,30.07,9.34,3.06,7.56,19.4,2.228,0.086,1
6.96,29.73,9.2,3.06,7.54,18.81,2.228,0.086,1
7.08,29.6,9.16,3.06,7.53,18.95,2.228,0.086,1
7.16,29.57,9.09,3.06,7.52,20.59,2.228,0.086,1
7.17,29.28,8.93,3.06,7.5,23.17,2.228,0.086,1
7.18,29.04,8.86,3.06,7.5,22.31,2.228,0.086,1
7.16,29.1,8.88,3.06,7.5,21.63,2.228,0.086,1
7.22,29.12,8.84,3.06,7.5,21.52,2.228,0.086,1
7.25,29.12,8.83,3.06,7.5,20.75,2.228,0.086,1
7.34,29.25,8.8,2.94,7.49,19.2,2.098,0.077,1
7.24,29.19,8.79,2.94,7.49,17.63,2.098,0.077,1
7.22,29.08,8.75,2.94,7.48,15.86,2.098,0.077,1
7.16,29.03,8.71,2.94,7.48,15.78,2.098,0.077,1
7.2,28.98,8.65,2.94,7.47,17.1,2.098,0.077,1
7.26,28.62,8.55,2.94,7.45,16.94,2.098,0.077,1
7.32,28.41,8.5,2.94,7.45,17.49,2.098,0.077,1
7.47,27.92,8.42,2.94,7.44,15.23,2.098,0.077,1
7.58,28.12,8.41,2.94,7.45,15.55,2.098,0.077,1
7.79,28.29,8.38,2.94,7.45,16.31,2.098,0.077,1
7.8,28.3,8.32,2.94,7.45,16.7,2.098,0.077,1
7.82,28.36,8.32,2.94,7.45,0,2.098,0.077,1
7.89,28.29,8.29,2.53,7.45,0,1.21,0.067,1
7.89,28.19,8.27,2.53,7.46,0,1.21,0.067,1
7.89,28.46,8.32,2.53,7.46,0,1.21,0.067,1
7.89,28.25,8.27,2.53,7.46,0,1.21,0.067,1
8,27.93,8.23,2.53,7.46,16.45,1.21,0.067,1
7.98,27.98,8.25,2.53,7.47,16.34,1.21,0.067,1
7.93,28.09,8.29,2.53,7.49,16.32,1.21,0.067,1
7.83,28.27,8.36,2.53,7.5,15.92,1.21,0.067,1
7.76,28.41,8.43,2.53,7.51,15.74,1.21,0.067,1
7.79,28.55,8.48,2.53,7.53,15.45,1.21,0.067,1
7.73,28.71,8.56,2.53,7.54,14.97,1.21,0.067,1
7.71,28.81,8.63,2.53,7.56,14.46,1.21,0.067,1
7.74,28.94,8.65,1.81,7.57,14.27,0.867,0.059,0
7.73,29.14,8.69,1.81,7.58,13.61,0.867,0.059,0
7.64,29.3,8.77,1.81,7.6,13.24,0.867,0.059,0
7.53,29.46,8.84,1.81,7.61,13.15,0.867,0.059,0
7.42,29.53,8.84,1.81,7.63,13.32,0.867,0.059,0
7.36,29.6,8.9,1.81,7.65,13.45,0.867,0.059,0
7.34,29.81,9.04,1.81,7.67,13.47,0.867,0.059,0
7.26,30.51,9.36,1.81,7.71,14.96,0.867,0.059,0
7.15,30.85,9.48,1.81,7.72,13.95,0.867,0.059,0
7.02,30.87,9.5,1.81,7.73,13.33,0.867,0.059,0
6.93,30.65,9.44,1.81,7.74,14.27,0.867,0.059,0
6.9,30.8,9.58,1.81,7.77,13.24,0.867,0.059,0
7.04,31.54,9.96,1.77,7.8,11.29,0.851,0.059,0
7.01,32.17,10.12,1.77,7.82,9.56,0.851,0.059,0
6.91,32.12,10.09,1.77,7.81,9.63,0.851,0.059,0
6.78,32.08,10.06,1.77,7.81,9.82,0.851,0.059,0
6.73,32.07,10.07,1.77,7.81,9.73,0.851,0.059,0
6.71,32.07,10.08,1.77,7.81,9.91,0.851,0.059,0
6.72,32.07,10.09,1.77,7.81,9.88,0.851,0.059,0
6.69,32.06,10.11,1.77,7.81,10.08,0.851,0.059,0
6.68,32.06,10.13,1.77,7.82,10.29,0.851,0.059,0
6.6,32.05,10.12,1.77,7.82,10.49,0.851,0.059,0
6.56,32.07,10.12,1.77,7.82,10.64,0.851,0.059,0
6.55,32.18,10.13,1.77,7.82,10.91,0.851,0.059,0
6.46,32.19,10.14,2.14,7.82,11.13,0.805,0.059,0
6.39,32.18,10.14,2.14,7.82,11.44,0.805,0.059,0
6.31,32.15,10.13,2.14,7.81,12.11,0.805,0.059,0
6.19,32.11,10.11,2.14,7.81,12.7,0.805,0.059,0
6.03,32.07,10.09,2.14,7.81,12.74,0.805,0.059,0
5.96,32.04,10.09,2.14,7.81,12.09,0.805,0.059,0
5.88,32.04,10.08,2.14,7.81,11.93,0.805,0.059,0
5.88,32.02,10.08,2.14,7.81,11.04,0.805,0.059,0
5.84,32.03,10.08,2.14,7.81,10.51,0.805,0.059,0
5.74,32.04,10.08,2.14,7.81,10.62,0.805,0.059,0
5.65,32.05,10.08,2.14,7.82,10.64,0.805,0.059,0
5.54,32.06,10.07,2.14,7.82,10.89,0.805,0.059,0
5.38,32.09,10.07,2.1,7.82,11.1,0.838,0.061,0
5.29,32.1,10.08,2.1,7.83,11.65,0.838,0.061,0
5.31,32.14,10.1,2.1,7.83,11.98,0.838,0.061,0
5.35,32.19,10.14,2.1,7.83,12.02,0.838,0.061,0
5.34,32.22,10.15,2.1,7.83,12.29,0.838,0.061,0
5.3,32.22,10.14,2.1,7.83,12.85,0.838,0.061,0
5.29,32.21,10.14,2.1,7.83,13.03,0.838,0.061,0
5.33,32.2,10.13,2.1,7.83,14.07,0.838,0.061,0
5.41,32.2,10.13,2.1,7.83,14.48,0.838,0.061,0
5.48,32.2,10.12,2.1,7.83,14.76,0.838,0.061,0
5.5,32.2,10.13,2.1,7.83,14.64,0.838,0.061,0
5.48,32.22,10.15,2.1,7.83,13.25,0.838,0.061,0
5.43,32.24,10.15,2.05,7.83,12.16,0.854,0.064,0
5.39,32.26,10.16,2.05,7.83,12.01,0.854,0.064,0
5.32,32.26,10.16,2.05,7.83,11.54,0.854,0.064,0
5.26,32.26,10.17,2.05,7.83,11.52,0.854,0.064,0
5.17,32.26,10.18,2.05,7.83,11.8,0.854,0.064,0
5.12,32.24,10.18,2.05,7.83,11.7,0.854,0.064,0
5.11,32.23,10.19,2.05,7.83,12.29,0.854,0.064,0
5.11,32.24,10.18,2.05,7.83,12.3,0.854,0.064,0
5.11,32.23,10.17,2.05,7.83,12.53,0.854,0.064,0
5.11,32.23,10.17,2.05,7.83,12.7,0.854,0.064,0
5.12,32.22,10.18,2.05,7.83,12.73,0.854,0.064,0
5.15,32.22,10.18,2.05,7.83,12.85,0.854,0.064,0
5.13,32.21,10.17,2.13,7.82,12.96,1.078,0.069,0
5.11,32.2,10.15,2.13,7.82,12.96,1.078,0.069,0
5.19,32.18,10.15,2.13,7.82,13.19,1.078,0.069,0
5.29,32.18,10.16,2.13,7.82,13.1,1.078,0.069,0
5.26,32.17,10.16,2.13,7.82,13.26,1.078,0.069,0
5.21,32.16,10.15,2.13,7.81,13.62,1.078,0.069,0
5.23,32.15,10.15,2.13,7.81,13.67,1.078,0.069,0
5.26,32.14,10.14,2.13,7.81,13.72,1.078,0.069,0
5.24,32.12,10.13,2.13,7.81,13.83,1.078,0.069,0
5.23,32.1,10.12,2.13,7.8,13.54,1.078,0.069,0
5.25,32.07,10.1,2.13,7.8,13.22,1.078,0.069,0
5.26,32.05,10.09,2.13,7.8,13.15,1.078,0.069,0
5.27,32.03,10.08,2.08,7.79,13.19,1.126,0.073,0
5.25,32.02,10.06,2.08,7.79,13.31,1.126,0.073,0
5.27,32,10.05,2.08,7.79,13.53,1.126,0.073,0
5.28,31.93,10.03,2.08,7.78,13.02,1.126,0.073,0
5.25,31.91,10.01,2.08,7.78,13.08,1.126,0.073,0
5.27,31.87,10,2.08,7.78,13.01,1.126,0.073,0
5.24,31.84,9.99,2.08,7.77,12.92,1.126,0.073,0
5.17,31.82,9.97,2.08,7.77,12.88,1.126,0.073,0
5.19,31.78,9.96,2.08,7.77,12.78,1.126,0.073,0
5.19,31.79,9.95,2.08,7.77,12.73,1.126,0.073,0
5.15,31.77,9.93,2.08,7.77,12.74,1.126,0.073,0
5.19,31.75,9.93,2.08,7.76,12.65,1.126,0.073,0
5.2,31.78,9.95,2.45,7.76,12.71,1.424,0.072,0
5.23,31.79,9.95,2.45,7.76,12.66,1.424,0.072,0
5.27,31.82,9.95,2.45,7.76,12.59,1.424,0.072,0
5.3,31.82,9.94,2.45,7.76,12.85,1.424,0.072,0
5.3,31.79,9.92,2.45,7.75,13,1.424,0.072,0
5.28,31.72,9.89,2.45,7.74,12.88,1.424,0.072,0
5.29,31.67,9.86,2.45,7.74,12.9,1.424,0.072,0
5.25,31.52,9.8,2.45,7.72,12.83,1.424,0.072,0
5.2,31.39,9.74,2.45,7.72,12.68,1.424,0.072,0
5.18,31.39,9.75,2.45,7.72,12.68,1.424,0.072,0
5.18,31.46,9.76,2.45,7.72,12.78,1.424,0.072,0
5.17,31.47,9.74,2.45,7.71,12.75,1.424,0.072,0
5.12,31.38,9.69,2.8,7.7,12.64,2.234,0.08,1
5.12,31.31,9.66,2.8,7.7,12.58,2.234,0.08,1
5.17,31.21,9.61,2.8,7.69,12.62,2.234,0.08,1
5.17,31.01,9.53,2.8,7.68,12.28,2.234,0.08,1
5.22,31.11,9.55,2.8,7.68,12.52,2.234,0.08,1
5.24,31.05,9.53,2.8,7.68,12.47,2.234,0.08,1
5.27,31.01,9.52,2.8,7.68,12.38,2.234,0.08,1
5.31,31.01,9.52,2.8,7.67,12.51,2.234,0.08,1
5.36,31,9.52,2.8,7.67,12.67,2.234,0.08,1
5.42,31.04,9.52,2.8,7.66,12.41,2.234,0.08,1
5.46,30.97,9.48,2.8,7.66,12.39,2.234,0.08,1
5.47,30.97,9.47,2.8,7.66,12.39,2.234,0.08,1
5.47,31.09,9.53,2.91,7.66,12.65,1.947,0.077,1
5.47,31.15,9.53,2.91,7.65,12.87,1.947,0.077,1
5.45,31.04,9.46,2.91,7.63,13.12,1.947,0.077,1
5.44,30.72,9.33,2.91,7.61,12.59,1.947,0.077,1
5.44,30.36,9.2,2.91,7.59,11.9,1.947,0.077,1
5.43,30.21,9.15,2.91,7.58,11.7,1.947,0.077,1
5.37,29.95,9.01,2.91,7.56,11.41,1.947,0.077,1
5.36,29.65,8.92,2.91,7.56,11.07,1.947,0.077,1
5.35,29.72,8.91,2.91,7.55,11.04,1.947,0.077,1
5.31,29.49,8.8,2.91,7.54,10.84,1.947,0.077,1
5.35,29.31,8.72,2.91,7.54,10.23,1.947,0.077,1
5.38,29.41,8.77,2.91,7.55,10.2,1.947,0.077,1
5.39,29.7,8.89,2.72,7.56,10.75,1.714,0.075,1
5.38,29.61,8.83,2.72,7.55,10.8,1.714,0.075,1
5.38,29.56,8.81,2.72,7.55,10.76,1.714,0.075,1
5.37,29.57,8.79,2.72,7.54,10.73,1.714,0.075,1
5.39,29.45,8.74,2.72,7.54,10.62,1.714,0.075,1
5.41,29.41,8.72,2.72,7.54,10.59,1.714,0.075,1
5.43,29.3,8.67,2.72,7.53,10.61,1.714,0.075,1
5.46,29.04,8.61,2.72,7.52,10.5,1.714,0.075,1
5.41,29.12,8.67,2.72,7.53,10.54,1.714,0.075,1
5.39,29.21,8.66,2.72,7.54,10.85,1.714,0.075,1
5.41,29.22,8.69,2.72,7.54,10.67,1.714,0.075,1
5.46,29.2,8.68,2.72,7.54,10.63,1.714,0.075,1
5.54,29.31,8.71,2.43,7.54,10.63,1.428,0.064,0
5.61,29.21,8.67,2.43,7.54,10.62,1.428,0.064,0
5.63,29.17,8.67,2.43,7.54,10.71,1.428,0.064,0
5.63,29.09,8.65,2.43,7.55,10.73,1.428,0.064,0
5.6,29.1,8.67,2.43,7.55,10.86,1.428,0.064,0
5.57,29.13,8.68,2.43,7.56,11.11,1.428,0.064,0
5.56,29.19,8.7,2.43,7.57,11.25,1.428,0.064,0
5.54,29.23,8.71,2.43,7.58,11.39,1.428,0.064,0
5.52,29.25,8.74,2.43,7.59,11.56,1.428,0.064,0
5.52,29.33,8.78,2.43,7.6,11.57,1.428,0.064,0
5.56,29.45,8.82,2.43,7.61,11.6,1.428,0.064,0
5.61,29.67,8.89,2.43,7.63,11.63,1.428,0.064,0
5.7,29.79,8.92,2.13,7.64,11.98,1.186,0.061,0
5.78,29.86,8.99,2.13,7.65,12.33,1.186,0.061,0
5.76,29.99,9.05,2.13,7.67,12.39,1.186,0.061,0
5.67,30.15,9.13,2.13,7.68,12.35,1.186,0.061,0
5.72,30.38,9.18,2.13,7.69,12.53,1.186,0.061,0
5.85,30.43,9.21,2.13,7.71,12.02,1.186,0.061,0
5.94,30.7,9.33,2.13,7.73,11.38,1.186,0.061,0
6.03,31.31,9.64,2.13,7.75,10.35,1.186,0.061,0
5.99,31.7,9.75,2.13,7.76,9.76,1.186,0.061,0
5.91,31.64,9.7,2.13,7.76,10.01,1.186,0.061,0
5.83,31.56,9.67,2.13,7.76,10.44,1.186,0.061,0
5.79,31.49,9.64,2.13,7.76,10.71,1.186,0.061,0
5.8,31.45,9.65,2.22,7.76,10.95,1.368,0.066,0
5.85,31.46,9.67,2.22,7.76,11.33,1.368,0.066,0
5.89,31.53,9.72,2.22,7.77,11.35,1.368,0.066,0
5.9,31.59,9.75,2.22,7.77,11.26,1.368,0.066,0
5.98,31.66,9.84,2.22,7.78,10.5,1.368,0.066,0
5.99,31.74,9.93,2.22,7.78,9.03,1.368,0.066,0
5.97,31.76,9.95,2.22,7.79,9.12,1.368,0.066,0
5.97,31.87,9.96,2.22,7.79,9.42,1.368,0.066,0
5.97,31.89,9.95,2.22,7.79,9.35,1.368,0.066,0
5.97,31.95,9.97,2.22,7.8,9.8,1.368,0.066,0
5.96,31.97,9.97,2.22,7.8,10,1.368,0.066,0
5.96,31.96,9.99,2.22,7.79,9.91,1.368,0.066,0
5.93,32.01,9.99,2.61,7.79,10.55,1.393,0.063,1
5.93,31.81,9.95,2.61,7.79,9.55,1.393,0.063,1
5.95,31.87,10,2.61,7.79,9.76,1.393,0.063,1
5.93,31.87,10.01,2.61,7.79,9.87,1.393,0.063,1
5.92,31.89,10,2.61,7.79,9.84,1.393,0.063,1
5.9,31.87,9.99,2.61,7.79,10.04,1.393,0.063,1
5.89,31.83,9.98,2.61,7.79,9.63,1.393,0.063,1
5.91,31.86,10,2.61,7.79,9.66,1.393,0.063,1
5.91,31.86,9.98,2.61,7.79,9.73,1.393,0.063,1
5.9,31.8,9.95,2.61,7.78,9.77,1.393,0.063,1
5.88,31.65,9.93,2.61,7.78,9.67,1.393,0.063,1
5.94,31.65,9.94,2.61,7.78,9.81,1.393,0.063,1
5.96,31.66,9.92,3,7.78,10.05,1.51,0.069,1
5.97,31.63,9.94,3,7.78,10.15,1.51,0.069,1
5.97,31.67,9.95,3,7.79,10.29,1.51,0.069,1
5.98,31.73,9.98,3,7.79,10.27,1.51,0.069,1
5.99,31.82,10,3,7.79,10.52,1.51,0.069,1
5.98,31.84,10.02,3,7.79,10.86,1.51,0.069,1
5.99,31.86,10.02,3,7.8,11.04,1.51,0.069,1
5.98,31.83,10.02,3,7.8,11.04,1.51,0.069,1
5.97,31.83,10.03,3,7.8,11.27,1.51,0.069,1
5.97,31.84,10.05,3,7.8,11.47,1.51,0.069,1
6.01,31.89,10.08,3,7.81,11.77,1.51,0.069,1
6.07,32.22,10.2,3,7.82,0,1.51,0.069,1
6.1,32.34,10.23,3.33,7.82,0,1.632,0.073,1
6.12,32.32,10.22,3.33,7.81,0,1.632,0.073,1
6.13,32.27,10.18,3.33,7.8,0,1.632,0.073,1
6.18,32.06,10.08,3.33,7.78,0,1.632,0.073,1
6.21,31.87,10.04,3.33,7.78,11.89,1.632,0.073,1
6.19,31.85,10.06,3.33,7.78,11.81,1.632,0.073,1
6.19,32.03,10.07,3.33,7.77,12.28,1.632,0.073,1
6.24,31.59,9.92,3.33,7.75,12.1,1.632,0.073,1
6.24,31.5,9.94,3.33,7.75,12.3,1.632,0.073,1
6.32,31.5,9.93,3.33,7.74,12.58,1.632,0.073,1
6.46,31.23,9.82,3.33,7.73,12.61,1.632,0.073,1
6.38,31.17,9.82,3.33,7.73,12.67,1.632,0.073,1
6.33,31.26,9.85,3.48,7.74,12.81,1.175,0.067,1
6.32,31.26,9.84,3.48,7.74,13.01,1.175,0.067,1
6.32,31.19,9.83,3.48,7.73,13.28,1.175,0.067,1
6.3,31.2,9.85,3.48,7.74,13.58,1.175,0.067,1
6.26,31.35,9.89,3.48,7.75,14.05,1.175,0.067,1
6.26,31.37,9.89,3.48,7.75,14.36,1.175,0.067,1
6.24,31.32,9.88,3.48,7.75,14.82,1.175,0.067,1
6.22,31.34,9.9,3.48,7.75,14.63,1.175,0.067,1
6.17,31.41,9.93,3.48,7.76,15.1,1.175,0.067,1
6.07,31.42,9.92,3.48,7.76,15.49,1.175,0.067,1
6.07,31.32,9.89,3.48,7.76,15.79,1.175,0.067,1
6.14,31.35,9.91,3.48,7.76,16.01,1.175,0.067,1
6.13,31.46,9.95,3.12,7.77,16.4,1.537,0.076,1
6.11,31.55,9.97,3.12,7.78,16.79,1.537,0.076,1
5.89,32.23,10.2,3.12,7.82,20.16,1.537,0.076,1
5.89,32.24,10.2,3.12,7.82,19.65,1.537,0.076,1
5.9,32.22,10.2,3.12,7.82,18.91,1.537,0.076,1
5.95,32.2,10.21,3.12,7.82,18.81,1.537,0.076,1
6.01,32.31,10.24,3.12,7.82,19.74,1.537,0.076,1
6.02,32.38,10.26,3.12,7.81,21.95,1.537,0.076,1
6,32.36,10.24,3.12,7.81,21.57,1.537,0.076,1
5.9,32.24,10.17,3.28,7.79,21.72,1.603,0.086,1
5.81,31.91,10.06,3.28,7.77,19.32,1.603,0.086,1
5.83,31.88,10.04,3.28,7.77,18.48,1.603,0.086,1
5.77,31.86,10.01,3.28,7.77,18.38,1.603,0.086,1
5.72,31.86,10,3.28,7.76,18.5,1.603,0.086,1
5.68,31.75,9.98,3.28,7.76,18.08,1.603,0.086,1
5.71,31.83,10.01,3.28,7.76,18.71,1.603,0.086,1
5.73,31.83,9.99,3.28,7.75,18.71,1.603,0.086,1
5.74,31.74,9.94,3.28,7.74,18.35,1.603,0.086,1
5.74,31.53,9.85,3.28,7.73,17.54,1.603,0.086,1
5.76,31.4,9.82,3.28,7.72,16.56,1.603,0.086,1
5.75,31.37,9.77,3.28,7.72,15.88,1.603,0.086,1
5.79,31.3,9.8,3.69,7.72,15.92,1.845,0.086,1
5.84,31.55,9.86,3.69,7.72,17.24,1.845,0.086,1
5.85,31.52,9.83,3.69,7.72,17.13,1.845,0.086,1
5.86,31.49,9.83,3.69,7.71,17.63,1.845,0.086,1
5.85,31.33,9.76,3.69,7.69,17.35,1.845,0.086,1
5.83,31.07,9.65,3.69,7.68,16.92,1.845,0.086,1
5.83,31.12,9.67,3.69,7.68,17.04,1.845,0.086,1
5.84,31.12,9.67,3.69,7.68,16.88,1.845,0.086,1
5.92,31.12,9.67,3.69,7.68,17.22,1.845,0.086,1
6.04,31.1,9.64,3.69,7.67,17.41,1.845,0.086,1
5.94,31.12,9.64,3.69,7.66,17.83,1.845,0.086,1
5.79,31.07,9.6,3.69,7.66,17.44,1.845,0.086,1
5.63,30.99,9.56,3.37,7.65,17.24,2.44,0.089,1
5.66,30.94,9.55,3.37,7.64,17.48,2.44,0.089,1
5.67,30.82,9.47,3.37,7.63,17.59,2.44,0.089,1
5.65,30.62,9.43,3.37,7.62,17.35,2.44,0.089,1
5.65,30.61,9.41,3.37,7.61,17.88,2.44,0.089,1
5.62,30.42,9.33,3.37,7.6,17.45,2.44,0.089,1
5.72,30.28,9.28,3.37,7.59,18.06,2.44,0.089,1
5.9,30.27,9.27,3.37,7.58,17.5,2.44,0.089,1
5.7,30.29,9.27,3.37,7.57,18.19,2.44,0.089,1
5.25,30.09,9.2,3.37,7.57,18.2,2.44,0.089,1
5.24,29.98,9.15,3.37,7.56,17.7,2.44,0.089,1
5.4,29.99,9.16,3.37,7.55,17.1,2.44,0.089,1
5.49,29.89,9.09,3.79,7.53,16.91,2.627,0.091,1
5.41,29.59,9,3.79,7.52,17.54,2.627,0.091,1
5.35,29.29,8.85,3.79,7.5,17.75,2.627,0.091,1
5.45,28.99,8.74,3.79,7.49,16.9,2.627,0.091,1
5.45,28.93,8.68,3.79,7.48,16.68,2.627,0.091,1
5.32,28.8,8.63,3.79,7.47,16.06,2.627,0.091,1
5.09,28.62,8.53,3.79,7.47,14.43,2.627,0.091,1
5,28.15,8.41,3.79,7.46,13.84,2.627,0.091,1
5.09,28.23,8.48,3.79,7.47,12.98,2.627,0.091,1
5.22,28.77,8.59,3.79,7.47,12.81,2.627,0.091,1
5.35,28.8,8.55,3.79,7.46,12.88,2.627,0.091,1
5.51,28.62,8.49,3.79,7.45,13,2.627,0.091,1
5.64,28.05,8.39,3.38,7.43,12.33,2.13,0.076,1
5.73,28.04,8.34,3.38,7.43,12.51,2.13,0.076,1
5.87,27.7,8.3,3.38,7.42,12.1,2.13,0.076,1
5.87,27.59,8.28,3.38,7.42,11.96,2.13,0.076,1
5.91,27.44,8.25,3.38,7.42,11.85,2.13,0.076,1
6.11,27.23,8.22,3.38,7.41,11.96,2.13,0.076,1
5.93,27.09,8.23,3.38,7.42,12.36,2.13,0.076,1
5.69,27.75,8.22,3.38,7.44,14.92,2.13,0.076,1
5.55,27.69,8.18,3.38,7.44,15.26,2.13,0.076,1
5.49,27.67,8.16,3.38,7.45,15.85,2.13,0.076,1
5.52,27.68,8.17,3.38,7.46,15.99,2.13,0.076,1
5.64,27.76,8.17,3.38,7.46,16.11,2.13,0.076,1
5.72,27.85,8.18,2.37,7.47,16.14,1.247,0.061,0
5.87,27.94,8.2,2.37,7.48,16.14,1.247,0.061,0
5.97,28.06,8.22,2.37,7.49,16.19,1.247,0.061,0
6.03,28.18,8.27,2.37,7.5,15.96,1.247,0.061,0
6.07,28.28,8.34,2.37,7.51,15.9,1.247,0.061,0
6.09,28.43,8.41,2.37,7.53,15.46,1.247,0.061,0
6.07,28.61,8.46,2.37,7.54,15.58,1.247,0.061,0
6,28.78,8.52,2.37,7.55,15.06,1.247,0.061,0
5.88,28.97,8.58,2.37,7.57,14.36,1.247,0.061,0
5.79,29.16,8.64,2.37,7.59,13.7,1.247,0.061,0
5.73,29.34,8.69,2.37,7.61,13.38,1.247,0.061,0
5.77,29.61,8.8,2.37,7.63,13.57,1.247,0.061,0
5.82,30.08,8.97,2.51,7.65,14.89,1.212,0.062,1
5.88,30.4,9.12,2.51,7.66,13.34,1.212,0.062,1
5.87,30.48,9.09,2.51,7.66,11.3,1.212,0.062,1
5.77,30.36,9.1,2.51,7.67,11.28,1.212,0.062,1
5.62,30.44,9.14,2.51,7.68,11.52,1.212,0.062,1
5.45,30.46,9.18,2.51,7.68,12.13,1.212,0.062,1
5.38,30.37,9.17,2.51,7.7,12.98,1.212,0.062,1
5.39,30.41,9.22,2.51,7.71,13.51,1.212,0.062,1
5.44,30.7,9.36,2.51,7.73,13.2,1.212,0.062,1
5.41,31.05,9.54,2.51,7.76,11.84,1.212,0.062,1
5.47,31.68,9.82,2.51,7.78,9.28,1.212,0.062,1
5.47,31.79,9.81,2.51,7.78,9.84,1.212,0.062,1
5.48,31.77,9.82,2.52,7.78,10.51,1.07,0.061,1
5.44,31.89,9.84,2.52,7.78,12.97,1.07,0.061,1
5.25,31.84,9.82,2.52,7.78,14.05,1.07,0.061,1
5.12,31.77,9.81,2.52,7.78,13.18,1.07,0.061,1
5.04,31.73,9.82,2.52,7.78,9.51,1.07,0.061,1
5.06,31.72,9.84,2.52,7.78,9.24,1.07,0.061,1
5.06,31.83,9.87,2.52,7.78,9.29,1.07,0.061,1
5.01,31.83,9.87,2.52,7.78,9.31,1.07,0.061,1
5.04,31.82,9.86,2.52,7.78,9.37,1.07,0.061,1
5.06,31.81,9.87,2.52,7.78,9.46,1.07,0.061,1
5.05,31.8,9.85,2.52,7.78,9.47,1.07,0.061,1
4.98,31.78,9.84,2.52,7.78,9.54,1.07,0.061,1
4.92,31.75,9.83,2.75,7.78,9.56,1.152,0.061,1
4.96,31.72,9.83,2.75,7.78,9.28,1.152,0.061,1
5.02,31.76,9.86,2.75,7.79,9.25,1.152,0.061,1
5.12,31.87,9.91,2.75,7.79,9.43,1.152,0.061,1
5.11,31.92,9.93,2.75,7.79,9.48,1.152,0.061,1
5.08,31.95,9.93,2.75,7.79,9.67,1.152,0.061,1
4.97,31.94,9.92,2.75,7.79,9.86,1.152,0.061,1
4.86,31.9,9.91,2.75,7.79,9.89,1.152,0.061,1
4.78,31.91,9.92,2.75,7.8,10.56,1.152,0.061,1
4.81,31.9,9.91,2.75,7.8,10.26,1.152,0.061,1
4.87,31.86,9.93,2.75,7.8,9.78,1.152,0.061,1
4.87,31.95,9.97,2.75,7.81,10.42,1.152,0.061,1
4.89,32.02,10.04,3.09,7.82,10.75,1.143,0.066,1
5,32.22,10.1,3.09,7.82,10.68,1.143,0.066,1
4.97,32.27,10.1,3.09,7.82,10.57,1.143,0.066,1
4.96,32.26,10.11,3.09,7.82,10.7,1.143,0.066,1
5,32.31,10.13,3.09,7.82,11.63,1.143,0.066,1
5.01,32.28,10.13,3.09,7.82,11.6,1.143,0.066,1
5.01,32.28,10.09,3.09,7.81,11.7,1.143,0.066,1
4.98,32.11,10.09,3.09,7.81,10.33,1.143,0.066,1
5.01,32.26,10.15,3.09,7.81,10.77,1.143,0.066,1
5.03,32.37,10.15,3.09,7.81,11.15,1.143,0.066,1
4.97,32.27,10.11,3.09,7.79,10.6,1.143,0.066,1
4.89,32.19,10.08,3.09,7.79,10.55,1.143,0.066,1
4.88,32.03,10,2.8,7.77,10.61,1.175,0.064,1
4.95,31.69,9.87,2.8,7.75,10.44,1.175,0.064,1
5.03,31.29,9.82,2.8,7.75,10.38,1.175,0.064,1
5.15,31.37,9.85,2.8,7.75,10.9,1.175,0.064,1
5.23,31.21,9.82,2.8,7.75,10.97,1.175,0.064,1
5.27,31.24,9.84,2.8,7.75,11.05,1.175,0.064,1
5.22,31.35,9.88,2.8,7.76,11.12,1.175,0.064,1
5.22,31.48,9.91,2.8,7.77,11.26,1.175,0.064,1
5.22,31.7,9.94,2.8,7.78,11.51,1.175,0.064,1
5.25,31.45,9.9,2.8,7.77,11.44,1.175,0.064,1
5.25,31.63,10,2.8,7.79,11.61,1.175,0.064,1
5.27,32.01,10.06,2.8,7.8,12.02,1.175,0.064,1
5.29,31.83,10,3.09,7.79,11.97,1.298,0.069,1
5.25,31.8,10.01,3.09,7.79,12.11,1.298,0.069,1
5.21,31.8,10.02,3.09,7.8,12.31,1.298,0.069,1
5.22,31.87,10.04,3.09,7.8,12.74,1.298,0.069,1
5.13,32.08,10.1,3.09,7.82,13.07,1.298,0.069,1
5.1,32.23,10.15,3.09,7.82,13.75,1.298,0.069,1
5.07,32.22,10.13,3.09,7.82,14.04,1.298,0.069,1
5.1,32.25,10.15,3.09,7.81,14.48,1.298,0.069,1
5.03,32.12,10.07,3.09,7.81,14.05,1.298,0.069,1
5,32.07,10.05,3.09,7.81,13.8,1.298,0.069,1
5.08,32.1,10.09,3.09,7.81,14.19,1.298,0.069,1
5.1,32.17,10.1,3.09,7.81,14.76,1.298,0.069,1
5.09,32.08,10.06,3.38,7.8,14.72,1.56,0.069,1
5.1,32.04,10.03,3.38,7.8,14.57,1.56,0.069,1
5.15,32,10.01,3.38,7.79,14.49,1.56,0.069,1
5.19,31.97,10.01,3.38,7.79,14.66,1.56,0.069,1
5.18,32,10.01,3.38,7.79,14.51,1.56,0.069,1
5.16,31.98,9.99,3.38,7.78,14.62,1.56,0.069,1
5.15,31.9,9.96,3.38,7.78,14.02,1.56,0.069,1
5.16,31.91,9.95,3.38,7.78,14.01,1.56,0.069,1
5.14,31.92,9.94,3.38,7.78,14.02,1.56,0.069,1
5.13,31.94,9.95,3.38,7.77,14.1,1.56,0.069,1
5.1,31.89,9.91,3.38,7.77,14.03,1.56,0.069,1
5,31.87,9.9,3.38,7.77,13.74,1.56,0.069,1
4.92,31.92,9.91,3.19,7.77,13.68,1.767,0.074,1
4.9,31.88,9.88,3.19,7.76,13.55,1.767,0.074,1
4.9,31.82,9.86,3.19,7.76,13.52,1.767,0.074,1
4.93,31.8,9.85,3.19,7.75,13.36,1.767,0.074,1
4.92,31.78,9.83,3.19,7.75,13.51,1.767,0.074,1
4.89,31.72,9.8,3.19,7.74,13.48,1.767,0.074,1
4.87,31.66,9.77,3.19,7.73,13.49,1.767,0.074,1
4.83,31.61,9.73,3.19,7.73,13.56,1.767,0.074,1
4.79,31.62,9.74,3.19,7.73,13.8,1.767,0.074,1
4.76,31.51,9.67,3.19,7.72,13.36,1.767,0.074,1
4.77,31.47,9.68,3.19,7.72,13.76,1.767,0.074,1
4.7,31.51,9.69,3.19,7.72,14.02,1.767,0.074,1
4.65,31.46,9.64,2.95,7.71,13.74,1.964,0.079,1
4.64,31.4,9.63,2.95,7.7,13.52,1.964,0.079,1
4.65,31.36,9.6,2.95,7.7,13.57,1.964,0.079,1
4.66,31.32,9.6,2.95,7.69,14.21,1.964,0.079,1
4.67,31.28,9.57,2.95,7.69,13.93,1.964,0.079,1
4.63,31.2,9.56,2.95,7.68,14.87,1.964,0.079,1
4.56,31.09,9.51,2.95,7.67,14.88,1.964,0.079,1
4.47,30.95,9.46,2.95,7.66,14.63,1.964,0.079,1
4.43,30.98,9.46,2.95,7.66,14.79,1.964,0.079,1
4.41,31.06,9.48,2.95,7.66,15.47,1.964,0.079,1
4.38,31.06,9.45,2.95,7.65,15.16,1.964,0.079,1
4.36,31.16,9.47,2.95,7.65,15.03,1.964,0.079,1
4.29,30.95,9.37,3.16,7.63,16.33,1.845,0.077,1
4.27,30.56,9.24,3.16,7.61,0,1.845,0.077,1
4.27,30.29,9.14,3.16,7.59,0,1.845,0.077,1
4.26,30.02,9.06,3.16,7.58,0,1.845,0.077,1
4.24,29.8,9,3.16,7.56,15.85,1.845,0.077,1
4.21,29.51,8.92,3.16,7.55,14.07,1.845,0.077,1
4.18,29.24,8.85,3.16,7.54,11.99,1.845,0.077,1
4.12,29.01,8.85,3.16,7.55,10.67,1.845,0.077,1
4.09,29.73,8.95,3.16,7.57,11.27,1.845,0.077,1
4.12,29.77,8.96,3.16,7.57,10.87,1.845,0.077,1
4.18,29.99,8.97,3.16,7.57,10.7,1.845,0.077,1
4.25,29.71,8.84,3.16,7.54,10.52,1.845,0.077,1
4.26,28.83,8.72,2.99,7.52,9.92,1.686,0.073,1
4.26,28.85,8.71,2.99,7.53,9.94,1.686,0.073,1
4.21,29.1,8.71,2.99,7.53,10.15,1.686,0.073,1
4.23,28.86,8.62,2.99,7.52,10.05,1.686,0.073,1
4.29,28.48,8.56,2.99,7.51,9.75,1.686,0.073,1
4.33,28.27,8.55,2.99,7.52,9.74,1.686,0.073,1
4.3,28.39,8.57,2.99,7.53,9.95,1.686,0.073,1
4.17,28.28,8.67,2.99,7.55,10.11,1.686,0.073,1
3.98,29.64,8.9,2.99,7.59,10.77,1.686,0.073,1
3.89,29.81,8.84,2.99,7.59,10.91,1.686,0.073,1
3.88,29.56,8.78,2.99,7.59,10.32,1.686,0.073,1
3.91,29.42,8.74,2.99,7.58,10.53,1.686,0.073,1
4.02,29.36,8.73,2.45,7.59,10.59,1.533,0.062,0
4.15,29.38,8.74,2.45,7.59,10.72,1.533,0.062,0
4.23,29.43,8.77,2.45,7.6,10.93,1.533,0.062,0
4.23,29.43,8.78,2.45,7.6,11.21,1.533,0.062,0
4.22,29.43,8.77,2.45,7.61,11.17,1.533,0.062,0
4.23,29.52,8.8,2.45,7.62,11.27,1.533,0.062,0
4.36,29.61,8.85,2.45,7.64,11.51,1.533,0.062,0
4.48,29.9,8.97,2.45,7.65,11.59,1.533,0.062,0
4.5,30.11,9.02,2.45,7.66,11.67,1.533,0.062,0
4.47,30.09,9.01,2.45,7.66,11.86,1.533,0.062,0
